2026-05-13 15:24:30.850 [info] [main] Log level: Info
2026-05-13 15:24:30.850 [info] [main] Validating found git in: "git"
2026-05-13 15:24:30.850 [info] [main] Using git "2.43.0" from "git"
2026-05-13 15:24:30.850 [info] [Model][doInitialScan] Initial repository scan started
2026-05-13 15:24:30.850 [info] > git rev-parse --show-toplevel [1650ms]
2026-05-13 15:24:30.850 [info] fatal: not a git repository (or any parent up to mount point /)
Stopping at filesystem boundary (GIT_DISCOVERY_ACROSS_FILESYSTEM not set).
2026-05-13 15:24:30.852 [info] > git rev-parse --show-toplevel [2ms]
2026-05-13 15:24:30.852 [info] fatal: not a git repository (or any parent up to mount point /)
Stopping at filesystem boundary (GIT_DISCOVERY_ACROSS_FILESYSTEM not set).
2026-05-13 15:24:30.858 [info] > git rev-parse --show-toplevel [1ms]
2026-05-13 15:24:30.858 [info] fatal: not a git repository (or any parent up to mount point /)
Stopping at filesystem boundary (GIT_DISCOVERY_ACROSS_FILESYSTEM not set).
2026-05-13 15:24:30.865 [info] > git rev-parse --show-toplevel [2ms]
2026-05-13 15:24:30.865 [info] fatal: not a git repository (or any parent up to mount point /)
Stopping at filesystem boundary (GIT_DISCOVERY_ACROSS_FILESYSTEM not set).
2026-05-13 15:24:30.871 [info] > git rev-parse --show-toplevel [1ms]
2026-05-13 15:24:30.871 [info] fatal: not a git repository (or any parent up to mount point /)
Stopping at filesystem boundary (GIT_DISCOVERY_ACROSS_FILESYSTEM not set).
2026-05-13 15:24:30.876 [info] > git rev-parse --show-toplevel [2ms]
2026-05-13 15:24:30.876 [info] fatal: not a git repository (or any parent up to mount point /)
Stopping at filesystem boundary (GIT_DISCOVERY_ACROSS_FILESYSTEM not set).
2026-05-13 15:24:30.884 [info] > git rev-parse --show-toplevel [2ms]
2026-05-13 15:24:30.884 [info] fatal: not a git repository (or any parent up to mount point /)
Stopping at filesystem boundary (GIT_DISCOVERY_ACROSS_FILESYSTEM not set).
2026-05-13 15:24:31.272 [info] > git rev-parse --show-toplevel [378ms]
2026-05-13 15:24:31.272 [info] fatal: not a git repository (or any parent up to mount point /)
Stopping at filesystem boundary (GIT_DISCOVERY_ACROSS_FILESYSTEM not set).
2026-05-13 15:24:31.273 [info] [Model][doInitialScan] Initial repository scan completed - repositories (0), closed repositories (0), parent repositories (0), unsafe repositories (0)
2026-05-13 15:24:34.444 [info] > git rev-parse --show-toplevel [9ms]
2026-05-13 15:24:34.444 [info] fatal: not a git repository (or any parent up to mount point /)
Stopping at filesystem boundary (GIT_DISCOVERY_ACROSS_FILESYSTEM not set).
2026-05-13 15:24:44.495 [info] > git rev-parse --show-toplevel [6ms]
2026-05-13 15:24:44.495 [info] fatal: not a git repository (or any parent up to mount point /)
Stopping at filesystem boundary (GIT_DISCOVERY_ACROSS_FILESYSTEM not set).
2026-05-13 15:24:46.905 [info] > git rev-parse --show-toplevel [7ms]
2026-05-13 15:24:46.988 [info] > git rev-parse --git-dir --git-common-dir --show-superproject-working-tree [27ms]
2026-05-13 15:24:47.233 [info] [Model][openRepository] Opened repository (path): /home/sunidhinaik_kpmg/.gemini/history/sunidhinaik-kpmg
2026-05-13 15:24:47.233 [info] [Model][openRepository] Opened repository (real path): /home/sunidhinaik_kpmg/.gemini/history/sunidhinaik-kpmg
2026-05-13 15:24:47.233 [info] [Model][openRepository] Opened repository (kind): repository
2026-05-13 15:24:47.350 [info] > git config --get commit.template [26ms]
2026-05-13 15:24:47.449 [info] [Git][getRemotes] No remotes found in the git config file
2026-05-13 15:24:47.505 [info] > git for-each-ref --format=%(refname)%00%(upstream:short)%00%(objectname)%00%(upstream:track)%00%(upstream:remotename)%00%(upstream:remoteref) refs/heads/main refs/remotes/main [56ms]
2026-05-13 15:24:47.750 [info] > git status -z -uall [164ms]
2026-05-13 15:24:47.762 [info] > git for-each-ref --sort -committerdate --format %(refname)%00%(objectname)%00%(*objectname) [26ms]
2026-05-13 15:24:47.929 [info] > git for-each-ref --format=%(refname)%00%(upstream:short)%00%(objectname)%00%(upstream:track)%00%(upstream:remotename)%00%(upstream:remoteref) refs/heads/main refs/remotes/main [83ms]
2026-05-13 15:24:47.990 [info] > git config --get --local branch.main.vscode-merge-base [22ms]
2026-05-13 15:24:47.990 [warning] [Git][config] git config failed: Failed to execute git
2026-05-13 15:24:48.023 [info] > git config --get commit.template [101ms]
2026-05-13 15:24:48.053 [info] [Git][getRemotes] No remotes found in the git config file
2026-05-13 15:24:48.060 [info] > git reflog main --grep-reflog=branch: Created from *. [38ms]
2026-05-13 15:24:48.068 [info] > git for-each-ref --format=%(refname)%00%(upstream:short)%00%(objectname)%00%(upstream:track)%00%(upstream:remotename)%00%(upstream:remoteref) refs/heads/main refs/remotes/main [15ms]
2026-05-13 15:24:48.143 [info] > git status -z -uall [43ms]
2026-05-13 15:24:48.153 [info] > git for-each-ref --sort -committerdate --format %(refname)%00%(objectname)%00%(*objectname) [17ms]
2026-05-13 15:24:55.652 [info] > git rev-parse --show-toplevel [25ms]
2026-05-13 15:24:55.658 [info] fatal: not a git repository (or any parent up to mount point /)
Stopping at filesystem boundary (GIT_DISCOVERY_ACROSS_FILESYSTEM not set).
2026-05-13 15:25:04.796 [info] [Git][getRemotes] No remotes found in the git config file
2026-05-13 15:25:04.811 [info] > git config --get commit.template [16ms]
2026-05-13 15:25:04.813 [info] > git for-each-ref --format=%(refname)%00%(upstream:short)%00%(objectname)%00%(upstream:track)%00%(upstream:remotename)%00%(upstream:remoteref) refs/heads/main refs/remotes/main [3ms]
2026-05-13 15:25:04.843 [info] > git status -z -uall [17ms]
2026-05-13 15:25:04.845 [info] > git for-each-ref --sort -committerdate --format %(refname)%00%(objectname)%00%(*objectname) [4ms]
2026-05-13 15:25:44.627 [info] > git rev-parse --show-toplevel [3ms]
2026-05-13 15:25:44.627 [info] fatal: not a git repository (or any parent up to mount point /)
Stopping at filesystem boundary (GIT_DISCOVERY_ACROSS_FILESYSTEM not set).
2026-05-13 15:25:45.404 [info] [Git][getRemotes] No remotes found in the git config file
2026-05-13 15:25:45.405 [info] > git config --get commit.template [29ms]
2026-05-13 15:25:45.407 [info] > git for-each-ref --format=%(refname)%00%(upstream:short)%00%(objectname)%00%(upstream:track)%00%(upstream:remotename)%00%(upstream:remoteref) refs/heads/main refs/remotes/main [4ms]
2026-05-13 15:25:45.436 [info] > git status -z -uall [16ms]
2026-05-13 15:25:45.439 [info] > git for-each-ref --sort -committerdate --format %(refname)%00%(objectname)%00%(*objectname) [7ms]
2026-05-13 15:25:52.112 [info] [Git][getRemotes] No remotes found in the git config file
2026-05-13 15:25:52.113 [info] > git config --get commit.template [4ms]
2026-05-13 15:25:52.123 [info] > git for-each-ref --format=%(refname)%00%(upstream:short)%00%(objectname)%00%(upstream:track)%00%(upstream:remotename)%00%(upstream:remoteref) refs/heads/main refs/remotes/main [2ms]
2026-05-13 15:25:52.143 [info] > git status -z -uall [11ms]
2026-05-13 15:25:52.145 [info] > git for-each-ref --sort -committerdate --format %(refname)%00%(objectname)%00%(*objectname) [4ms]
2026-05-13 15:26:56.763 [info] > git rev-parse --show-toplevel [2ms]
2026-05-13 15:26:56.776 [info] > git rev-parse --git-dir --git-common-dir --show-superproject-working-tree [5ms]
2026-05-13 15:26:56.883 [info] [Model][openRepository] Opened repository (path): /home/sunidhinaik_kpmg
2026-05-13 15:26:56.883 [info] [Model][openRepository] Opened repository (real path): /home/sunidhinaik_kpmg
2026-05-13 15:26:56.883 [info] [Model][openRepository] Opened repository (kind): repository
2026-05-13 15:26:56.902 [info] [Git][getRemotes] No remotes found in the git config file
2026-05-13 15:26:56.903 [info] > git config --get commit.template [10ms]
2026-05-13 15:26:56.904 [info] > git for-each-ref --format=%(refname)%00%(upstream:short)%00%(objectname)%00%(upstream:track)%00%(upstream:remotename)%00%(upstream:remoteref) refs/heads/master refs/remotes/master [2ms]
2026-05-13 15:26:56.904 [warning] [Git][getBranch] No such branch: master
2026-05-13 15:26:56.922 [info] > git status -z -uall [9ms]
2026-05-13 15:26:56.924 [info] > git for-each-ref --sort -committerdate --format %(refname)%00%(objectname)%00%(*objectname) [4ms]
2026-05-13 15:26:56.955 [info] > git for-each-ref --format=%(refname)%00%(upstream:short)%00%(objectname)%00%(upstream:track)%00%(upstream:remotename)%00%(upstream:remoteref) refs/heads/master refs/remotes/master [18ms]
2026-05-13 15:26:56.955 [warning] [Git][getBranch] No such branch: master
2026-05-13 15:26:56.956 [error] [GitHistoryProvider][resolveHEADMergeBase] Failed to resolve merge base for master: Error: No such branch: master.
2026-05-13 15:26:56.957 [info] > git config --get commit.template [6ms]
2026-05-13 15:26:56.965 [info] [Git][getRemotes] No remotes found in the git config file
2026-05-13 15:26:56.968 [info] > git for-each-ref --format=%(refname)%00%(upstream:short)%00%(objectname)%00%(upstream:track)%00%(upstream:remotename)%00%(upstream:remoteref) refs/heads/master refs/remotes/master [4ms]
2026-05-13 15:26:56.968 [warning] [Git][getBranch] No such branch: master
2026-05-13 15:26:57.031 [info] > git status -z -uall [54ms]
2026-05-13 15:26:57.031 [info] > git for-each-ref --sort -committerdate --format %(refname)%00%(objectname)%00%(*objectname) [44ms]
2026-05-13 15:26:57.539 [info] > git check-ignore -v -z --stdin [3ms]
2026-05-13 15:27:03.040 [info] > git config --get commit.template [3ms]
2026-05-13 15:27:03.046 [info] [Git][getRemotes] No remotes found in the git config file
2026-05-13 15:27:03.048 [info] > git for-each-ref --format=%(refname)%00%(upstream:short)%00%(objectname)%00%(upstream:track)%00%(upstream:remotename)%00%(upstream:remoteref) refs/heads/master refs/remotes/master [2ms]
2026-05-13 15:27:03.049 [warning] [Git][getBranch] No such branch: master
2026-05-13 15:27:03.065 [info] > git status -z -uall [10ms]
2026-05-13 15:27:03.067 [info] > git for-each-ref --sort -committerdate --format %(refname)%00%(objectname)%00%(*objectname) [3ms]
2026-05-13 15:27:25.787 [info] [Git][getRemotes] No remotes found in the git config file
2026-05-13 15:27:25.795 [info] > git config --get commit.template [10ms]
2026-05-13 15:27:25.796 [info] > git for-each-ref --format=%(refname)%00%(upstream:short)%00%(objectname)%00%(upstream:track)%00%(upstream:remotename)%00%(upstream:remoteref) refs/heads/main refs/remotes/main [2ms]
2026-05-13 15:27:25.796 [warning] [Git][getBranch] No such branch: main
2026-05-13 15:27:25.814 [info] > git status -z -uall [10ms]
2026-05-13 15:27:25.816 [info] > git for-each-ref --sort -committerdate --format %(refname)%00%(objectname)%00%(*objectname) [3ms]
2026-05-13 15:27:25.830 [info] > git for-each-ref --format=%(refname)%00%(upstream:short)%00%(objectname)%00%(upstream:track)%00%(upstream:remotename)%00%(upstream:remoteref) refs/heads/main refs/remotes/main [3ms]
2026-05-13 15:27:25.830 [warning] [Git][getBranch] No such branch: main
2026-05-13 15:27:25.831 [error] [GitHistoryProvider][resolveHEADMergeBase] Failed to resolve merge base for main: Error: No such branch: main.
2026-05-13 15:27:30.859 [info] > git config --get commit.template [16ms]
2026-05-13 15:27:30.861 [info] > git for-each-ref --format=%(refname)%00%(upstream:short)%00%(objectname)%00%(upstream:track)%00%(upstream:remotename)%00%(upstream:remoteref) refs/heads/main refs/remotes/main [5ms]
2026-05-13 15:27:30.862 [warning] [Git][getBranch] No such branch: main
2026-05-13 15:27:30.890 [info] > git status -z -uall [17ms]
2026-05-13 15:27:30.897 [info] > git for-each-ref --sort -committerdate --format %(refname)%00%(objectname)%00%(*objectname) [8ms]
2026-05-13 15:27:35.915 [info] > git config --get commit.template [4ms]
2026-05-13 15:27:35.925 [info] > git for-each-ref --format=%(refname)%00%(upstream:short)%00%(objectname)%00%(upstream:track)%00%(upstream:remotename)%00%(upstream:remoteref) refs/heads/main refs/remotes/main [1ms]
2026-05-13 15:27:35.925 [warning] [Git][getBranch] No such branch: main
2026-05-13 15:27:35.945 [info] > git for-each-ref --sort -committerdate --format %(refname)%00%(objectname)%00%(*objectname) [2ms]
2026-05-13 15:27:35.982 [info] > git status -z -uall [50ms]
2026-05-13 15:27:41.004 [info] > git config --get commit.template [8ms]
2026-05-13 15:27:41.005 [info] > git for-each-ref --format=%(refname)%00%(upstream:short)%00%(objectname)%00%(upstream:track)%00%(upstream:remotename)%00%(upstream:remoteref) refs/heads/main refs/remotes/main [3ms]
2026-05-13 15:27:41.005 [warning] [Git][getBranch] No such branch: main
2026-05-13 15:27:41.028 [info] > git for-each-ref --sort -committerdate --format %(refname)%00%(objectname)%00%(*objectname) [5ms]
2026-05-13 15:27:41.063 [info] > git status -z -uall [51ms]
2026-05-13 15:27:47.990 [info] > git for-each-ref --format=%(refname)%00%(upstream:short)%00%(objectname)%00%(upstream:track)%00%(upstream:remotename)%00%(upstream:remoteref) refs/heads/main refs/remotes/main [3ms]
2026-05-13 15:27:47.991 [warning] [Git][getBranch] No such branch: main
2026-05-13 15:27:47.991 [info] > git config --get commit.template [14ms]
2026-05-13 15:27:48.014 [info] > git for-each-ref --sort -committerdate --format %(refname)%00%(objectname)%00%(*objectname) [4ms]
2026-05-13 15:27:48.047 [info] > git status -z -uall [48ms]
2026-05-13 15:27:53.064 [info] > git config --get commit.template [5ms]
2026-05-13 15:27:53.074 [info] > git for-each-ref --format=%(refname)%00%(upstream:short)%00%(objectname)%00%(upstream:track)%00%(upstream:remotename)%00%(upstream:remoteref) refs/heads/main refs/remotes/main [2ms]
2026-05-13 15:27:53.074 [warning] [Git][getBranch] No such branch: main
2026-05-13 15:27:53.099 [info] > git for-each-ref --sort -committerdate --format %(refname)%00%(objectname)%00%(*objectname) [4ms]
2026-05-13 15:27:53.136 [info] > git status -z -uall [54ms]
2026-05-13 15:27:58.156 [info] > git config --get commit.template [2ms]
2026-05-13 15:27:58.169 [info] > git for-each-ref --format=%(refname)%00%(upstream:short)%00%(objectname)%00%(upstream:track)%00%(upstream:remotename)%00%(upstream:remoteref) refs/heads/main refs/remotes/main [5ms]
2026-05-13 15:27:58.169 [warning] [Git][getBranch] No such branch: main
2026-05-13 15:27:58.193 [info] > git for-each-ref --sort -committerdate --format %(refname)%00%(objectname)%00%(*objectname) [3ms]
2026-05-13 15:27:58.228 [info] > git status -z -uall [51ms]
2026-05-13 15:28:03.252 [info] > git for-each-ref --format=%(refname)%00%(upstream:short)%00%(objectname)%00%(upstream:track)%00%(upstream:remotename)%00%(upstream:remoteref) refs/heads/main refs/remotes/main [4ms]
2026-05-13 15:28:03.252 [warning] [Git][getBranch] No such branch: main
2026-05-13 15:28:03.252 [info] > git config --get commit.template [13ms]
2026-05-13 15:28:03.276 [info] > git for-each-ref --sort -committerdate --format %(refname)%00%(objectname)%00%(*objectname) [3ms]
2026-05-13 15:28:03.309 [info] > git status -z -uall [49ms]
2026-05-13 15:28:08.325 [info] > git config --get commit.template [2ms]
2026-05-13 15:28:08.335 [info] > git for-each-ref --format=%(refname)%00%(upstream:short)%00%(objectname)%00%(upstream:track)%00%(upstream:remotename)%00%(upstream:remoteref) refs/heads/main refs/remotes/main [3ms]
2026-05-13 15:28:08.335 [warning] [Git][getBranch] No such branch: main
2026-05-13 15:28:08.362 [info] > git for-each-ref --sort -committerdate --format %(refname)%00%(objectname)%00%(*objectname) [7ms]
2026-05-13 15:28:08.393 [info] > git status -z -uall [50ms]
2026-05-13 15:28:13.416 [info] > git config --get commit.template [9ms]
2026-05-13 15:28:13.417 [info] > git for-each-ref --format=%(refname)%00%(upstream:short)%00%(objectname)%00%(upstream:track)%00%(upstream:remotename)%00%(upstream:remoteref) refs/heads/main refs/remotes/main [2ms]
2026-05-13 15:28:13.419 [warning] [Git][getBranch] No such branch: main
2026-05-13 15:28:13.440 [info] > git for-each-ref --sort -committerdate --format %(refname)%00%(objectname)%00%(*objectname) [3ms]
2026-05-13 15:28:13.473 [info] > git status -z -uall [47ms]
2026-05-13 15:28:18.488 [info] > git config --get commit.template [2ms]
2026-05-13 15:28:18.497 [info] > git for-each-ref --format=%(refname)%00%(upstream:short)%00%(objectname)%00%(upstream:track)%00%(upstream:remotename)%00%(upstream:remoteref) refs/heads/main refs/remotes/main [2ms]
2026-05-13 15:28:18.498 [warning] [Git][getBranch] No such branch: main
2026-05-13 15:28:18.518 [info] > git for-each-ref --sort -committerdate --format %(refname)%00%(objectname)%00%(*objectname) [3ms]
2026-05-13 15:28:18.564 [info] > git status -z -uall [60ms]
2026-05-13 15:28:23.586 [info] > git config --get commit.template [9ms]
2026-05-13 15:28:23.588 [info] > git for-each-ref --format=%(refname)%00%(upstream:short)%00%(objectname)%00%(upstream:track)%00%(upstream:remotename)%00%(upstream:remoteref) refs/heads/main refs/remotes/main [2ms]
2026-05-13 15:28:23.589 [warning] [Git][getBranch] No such branch: main
2026-05-13 15:28:23.610 [info] > git for-each-ref --sort -committerdate --format %(refname)%00%(objectname)%00%(*objectname) [3ms]
2026-05-13 15:28:23.643 [info] > git status -z -uall [47ms]
2026-05-13 15:28:28.666 [info] > git config --get commit.template [9ms]
2026-05-13 15:28:28.667 [info] > git for-each-ref --format=%(refname)%00%(upstream:short)%00%(objectname)%00%(upstream:track)%00%(upstream:remotename)%00%(upstream:remoteref) refs/heads/main refs/remotes/main [3ms]
2026-05-13 15:28:28.668 [warning] [Git][getBranch] No such branch: main
2026-05-13 15:28:28.688 [info] > git for-each-ref --sort -committerdate --format %(refname)%00%(objectname)%00%(*objectname) [3ms]
2026-05-13 15:28:28.722 [info] > git status -z -uall [47ms]
2026-05-13 15:28:33.742 [info] > git config --get commit.template [9ms]
2026-05-13 15:28:33.744 [info] > git for-each-ref --format=%(refname)%00%(upstream:short)%00%(objectname)%00%(upstream:track)%00%(upstream:remotename)%00%(upstream:remoteref) refs/heads/main refs/remotes/main [3ms]
2026-05-13 15:28:33.744 [warning] [Git][getBranch] No such branch: main
2026-05-13 15:28:33.765 [info] > git for-each-ref --sort -committerdate --format %(refname)%00%(objectname)%00%(*objectname) [3ms]
2026-05-13 15:28:33.799 [info] > git status -z -uall [48ms]
2026-05-13 15:28:38.816 [info] > git config --get commit.template [3ms]
2026-05-13 15:28:38.826 [info] > git for-each-ref --format=%(refname)%00%(upstream:short)%00%(objectname)%00%(upstream:track)%00%(upstream:remotename)%00%(upstream:remoteref) refs/heads/main refs/remotes/main [2ms]
2026-05-13 15:28:38.826 [warning] [Git][getBranch] No such branch: main
2026-05-13 15:28:38.851 [info] > git for-each-ref --sort -committerdate --format %(refname)%00%(objectname)%00%(*objectname) [2ms]
2026-05-13 15:28:38.883 [info] > git status -z -uall [49ms]
2026-05-13 15:28:43.907 [info] > git config --get commit.template [10ms]
2026-05-13 15:28:43.908 [info] > git for-each-ref --format=%(refname)%00%(upstream:short)%00%(objectname)%00%(upstream:track)%00%(upstream:remotename)%00%(upstream:remoteref) refs/heads/main refs/remotes/main [3ms]
2026-05-13 15:28:43.908 [warning] [Git][getBranch] No such branch: main
2026-05-13 15:28:43.932 [info] > git for-each-ref --sort -committerdate --format %(refname)%00%(objectname)%00%(*objectname) [3ms]
2026-05-13 15:28:43.967 [info] > git status -z -uall [51ms]
2026-05-13 15:28:48.986 [info] > git config --get commit.template [2ms]
2026-05-13 15:28:48.997 [info] > git for-each-ref --format=%(refname)%00%(upstream:short)%00%(objectname)%00%(upstream:track)%00%(upstream:remotename)%00%(upstream:remoteref) refs/heads/main refs/remotes/main [3ms]
2026-05-13 15:28:48.997 [warning] [Git][getBranch] No such branch: main
2026-05-13 15:28:49.021 [info] > git for-each-ref --sort -committerdate --format %(refname)%00%(objectname)%00%(*objectname) [2ms]
2026-05-13 15:28:49.055 [info] > git status -z -uall [50ms]
2026-05-13 15:28:54.077 [info] > git config --get commit.template [10ms]
2026-05-13 15:28:54.079 [info] > git for-each-ref --format=%(refname)%00%(upstream:short)%00%(objectname)%00%(upstream:track)%00%(upstream:remotename)%00%(upstream:remoteref) refs/heads/main refs/remotes/main [3ms]
2026-05-13 15:28:54.079 [warning] [Git][getBranch] No such branch: main
2026-05-13 15:28:54.106 [info] > git for-each-ref --sort -committerdate --format %(refname)%00%(objectname)%00%(*objectname) [3ms]
2026-05-13 15:28:54.139 [info] > git status -z -uall [51ms]
2026-05-13 15:28:59.164 [info] > git config --get commit.template [9ms]
2026-05-13 15:28:59.166 [info] > git for-each-ref --format=%(refname)%00%(upstream:short)%00%(objectname)%00%(upstream:track)%00%(upstream:remotename)%00%(upstream:remoteref) refs/heads/main refs/remotes/main [3ms]
2026-05-13 15:28:59.167 [warning] [Git][getBranch] No such branch: main
2026-05-13 15:28:59.188 [info] > git for-each-ref --sort -committerdate --format %(refname)%00%(objectname)%00%(*objectname) [4ms]
2026-05-13 15:28:59.193 [info] > git status -z -uall [19ms]
2026-05-13 15:29:04.211 [info] > git config --get commit.template [3ms]
2026-05-13 15:29:04.224 [info] > git for-each-ref --format=%(refname)%00%(upstream:short)%00%(objectname)%00%(upstream:track)%00%(upstream:remotename)%00%(upstream:remoteref) refs/heads/main refs/remotes/main [2ms]
2026-05-13 15:29:04.248 [info] > git for-each-ref --sort -committerdate --format %(refname)%00%(objectname)%00%(*objectname) [4ms]
2026-05-13 15:29:04.253 [info] > git status -z -uall [21ms]
2026-05-13 15:29:09.277 [info] > git config --get commit.template [10ms]
2026-05-13 15:29:09.279 [info] > git for-each-ref --format=%(refname)%00%(upstream:short)%00%(objectname)%00%(upstream:track)%00%(upstream:remotename)%00%(upstream:remoteref) refs/heads/main refs/remotes/main [3ms]
2026-05-13 15:29:09.300 [info] > git for-each-ref --sort -committerdate --format %(refname)%00%(objectname)%00%(*objectname) [3ms]
2026-05-13 15:29:09.305 [info] > git status -z -uall [19ms]
2026-05-13 15:29:14.327 [info] > git config --get commit.template [11ms]
2026-05-13 15:29:14.329 [info] > git for-each-ref --format=%(refname)%00%(upstream:short)%00%(objectname)%00%(upstream:track)%00%(upstream:remotename)%00%(upstream:remoteref) refs/heads/main refs/remotes/main [3ms]
2026-05-13 15:29:14.352 [info] > git for-each-ref --sort -committerdate --format %(refname)%00%(objectname)%00%(*objectname) [4ms]
2026-05-13 15:29:14.361 [info] > git status -z -uall [24ms]
2026-05-13 15:29:19.378 [info] > git config --get commit.template [4ms]
2026-05-13 15:29:19.389 [info] > git for-each-ref --format=%(refname)%00%(upstream:short)%00%(objectname)%00%(upstream:track)%00%(upstream:remotename)%00%(upstream:remoteref) refs/heads/main refs/remotes/main [3ms]
2026-05-13 15:29:19.416 [info] > git for-each-ref --sort -committerdate --format %(refname)%00%(objectname)%00%(*objectname) [7ms]
2026-05-13 15:29:19.424 [info] > git status -z -uall [27ms]
2026-05-13 15:29:24.438 [info] > git config --get commit.template [2ms]
2026-05-13 15:29:24.449 [info] > git for-each-ref --format=%(refname)%00%(upstream:short)%00%(objectname)%00%(upstream:track)%00%(upstream:remotename)%00%(upstream:remoteref) refs/heads/main refs/remotes/main [3ms]
2026-05-13 15:29:24.474 [info] > git for-each-ref --sort -committerdate --format %(refname)%00%(objectname)%00%(*objectname) [6ms]
2026-05-13 15:29:24.477 [info] > git status -z -uall [21ms]
2026-05-13 15:29:29.490 [info] > git config --get commit.template [3ms]
2026-05-13 15:29:29.502 [info] > git for-each-ref --format=%(refname)%00%(upstream:short)%00%(objectname)%00%(upstream:track)%00%(upstream:remotename)%00%(upstream:remoteref) refs/heads/main refs/remotes/main [1ms]
2026-05-13 15:29:29.526 [info] > git for-each-ref --sort -committerdate --format %(refname)%00%(objectname)%00%(*objectname) [3ms]
2026-05-13 15:29:29.531 [info] > git status -z -uall [20ms]
2026-05-13 15:29:34.545 [info] > git config --get commit.template [3ms]
2026-05-13 15:29:34.554 [info] > git for-each-ref --format=%(refname)%00%(upstream:short)%00%(objectname)%00%(upstream:track)%00%(upstream:remotename)%00%(upstream:remoteref) refs/heads/main refs/remotes/main [3ms]
2026-05-13 15:29:34.574 [info] > git for-each-ref --sort -committerdate --format %(refname)%00%(objectname)%00%(*objectname) [3ms]
2026-05-13 15:29:34.581 [info] > git status -z -uall [21ms]
2026-05-13 15:29:39.604 [info] > git config --get commit.template [11ms]
2026-05-13 15:29:39.606 [info] > git for-each-ref --format=%(refname)%00%(upstream:short)%00%(objectname)%00%(upstream:track)%00%(upstream:remotename)%00%(upstream:remoteref) refs/heads/main refs/remotes/main [3ms]
2026-05-13 15:29:39.631 [info] > git for-each-ref --sort -committerdate --format %(refname)%00%(objectname)%00%(*objectname) [5ms]
2026-05-13 15:29:39.635 [info] > git status -z -uall [21ms]
2026-05-13 15:29:44.655 [info] > git config --get commit.template [9ms]
2026-05-13 15:29:44.656 [info] > git for-each-ref --format=%(refname)%00%(upstream:short)%00%(objectname)%00%(upstream:track)%00%(upstream:remotename)%00%(upstream:remoteref) refs/heads/main refs/remotes/main [3ms]
2026-05-13 15:29:44.677 [info] > git for-each-ref --sort -committerdate --format %(refname)%00%(objectname)%00%(*objectname) [5ms]
2026-05-13 15:29:44.682 [info] > git status -z -uall [19ms]
2026-05-13 15:29:49.708 [info] > git config --get commit.template [11ms]
2026-05-13 15:29:49.709 [info] > git for-each-ref --format=%(refname)%00%(upstream:short)%00%(objectname)%00%(upstream:track)%00%(upstream:remotename)%00%(upstream:remoteref) refs/heads/main refs/remotes/main [2ms]
2026-05-13 15:29:49.734 [info] > git for-each-ref --sort -committerdate --format %(refname)%00%(objectname)%00%(*objectname) [3ms]
2026-05-13 15:29:49.740 [info] > git status -z -uall [22ms]
2026-05-13 15:29:54.759 [info] > git config --get commit.template [10ms]
2026-05-13 15:29:54.761 [info] > git for-each-ref --format=%(refname)%00%(upstream:short)%00%(objectname)%00%(upstream:track)%00%(upstream:remotename)%00%(upstream:remoteref) refs/heads/main refs/remotes/main [3ms]
2026-05-13 15:29:54.784 [info] > git for-each-ref --sort -committerdate --format %(refname)%00%(objectname)%00%(*objectname) [5ms]
2026-05-13 15:29:54.788 [info] > git status -z -uall [20ms]
2026-05-13 15:29:59.808 [info] > git config --get commit.template [9ms]
2026-05-13 15:29:59.810 [info] > git for-each-ref --format=%(refname)%00%(upstream:short)%00%(objectname)%00%(upstream:track)%00%(upstream:remotename)%00%(upstream:remoteref) refs/heads/main refs/remotes/main [3ms]
2026-05-13 15:29:59.833 [info] > git for-each-ref --sort -committerdate --format %(refname)%00%(objectname)%00%(*objectname) [2ms]
2026-05-13 15:29:59.837 [info] > git status -z -uall [20ms]
2026-05-13 15:30:04.852 [info] > git config --get commit.template [3ms]
2026-05-13 15:30:04.863 [info] > git for-each-ref --format=%(refname)%00%(upstream:short)%00%(objectname)%00%(upstream:track)%00%(upstream:remotename)%00%(upstream:remoteref) refs/heads/main refs/remotes/main [2ms]
2026-05-13 15:30:04.887 [info] > git for-each-ref --sort -committerdate --format %(refname)%00%(objectname)%00%(*objectname) [2ms]
2026-05-13 15:30:04.893 [info] > git status -z -uall [22ms]
2026-05-13 15:30:09.914 [info] > git config --get commit.template [10ms]
2026-05-13 15:30:09.916 [info] > git for-each-ref --format=%(refname)%00%(upstream:short)%00%(objectname)%00%(upstream:track)%00%(upstream:remotename)%00%(upstream:remoteref) refs/heads/main refs/remotes/main [2ms]
2026-05-13 15:30:09.941 [info] > git for-each-ref --sort -committerdate --format %(refname)%00%(objectname)%00%(*objectname) [7ms]
2026-05-13 15:30:09.945 [info] > git status -z -uall [22ms]
2026-05-13 15:30:14.965 [info] > git config --get commit.template [9ms]
2026-05-13 15:30:14.967 [info] > git for-each-ref --format=%(refname)%00%(upstream:short)%00%(objectname)%00%(upstream:track)%00%(upstream:remotename)%00%(upstream:remoteref) refs/heads/main refs/remotes/main [3ms]
2026-05-13 15:30:14.988 [info] > git for-each-ref --sort -committerdate --format %(refname)%00%(objectname)%00%(*objectname) [3ms]
2026-05-13 15:30:14.993 [info] > git status -z -uall [19ms]
2026-05-13 15:35:25.199 [info] > git config --get commit.template [3ms]
2026-05-13 15:35:25.209 [info] > git for-each-ref --format=%(refname)%00%(upstream:short)%00%(objectname)%00%(upstream:track)%00%(upstream:remotename)%00%(upstream:remoteref) refs/heads/main refs/remotes/main [2ms]
2026-05-13 15:35:25.231 [info] > git for-each-ref --sort -committerdate --format %(refname)%00%(objectname)%00%(*objectname) [3ms]
2026-05-13 15:35:25.236 [info] > git status -z -uall [19ms]
2026-05-13 15:35:30.256 [info] > git config --get commit.template [8ms]
2026-05-13 15:35:30.257 [info] > git for-each-ref --format=%(refname)%00%(upstream:short)%00%(objectname)%00%(upstream:track)%00%(upstream:remotename)%00%(upstream:remoteref) refs/heads/main refs/remotes/main [2ms]
2026-05-13 15:35:30.278 [info] > git for-each-ref --sort -committerdate --format %(refname)%00%(objectname)%00%(*objectname) [3ms]
2026-05-13 15:35:30.283 [info] > git status -z -uall [19ms]
2026-05-13 15:35:35.304 [info] > git config --get commit.template [6ms]
2026-05-13 15:35:35.321 [info] > git for-each-ref --format=%(refname)%00%(upstream:short)%00%(objectname)%00%(upstream:track)%00%(upstream:remotename)%00%(upstream:remoteref) refs/heads/main refs/remotes/main [5ms]
2026-05-13 15:35:35.356 [info] > git for-each-ref --sort -committerdate --format %(refname)%00%(objectname)%00%(*objectname) [7ms]
2026-05-13 15:35:35.358 [info] > git status -z -uall [26ms]
2026-05-13 15:35:40.371 [info] > git config --get commit.template [3ms]
2026-05-13 15:35:40.379 [info] > git for-each-ref --format=%(refname)%00%(upstream:short)%00%(objectname)%00%(upstream:track)%00%(upstream:remotename)%00%(upstream:remoteref) refs/heads/main refs/remotes/main [2ms]
2026-05-13 15:35:40.402 [info] > git for-each-ref --sort -committerdate --format %(refname)%00%(objectname)%00%(*objectname) [5ms]
2026-05-13 15:35:40.405 [info] > git status -z -uall [19ms]
2026-05-13 15:35:45.448 [info] > git config --get commit.template [14ms]
2026-05-13 15:35:45.449 [info] > git for-each-ref --format=%(refname)%00%(upstream:short)%00%(objectname)%00%(upstream:track)%00%(upstream:remotename)%00%(upstream:remoteref) refs/heads/main refs/remotes/main [4ms]
2026-05-13 15:35:45.511 [info] > git status -z -uall [49ms]
2026-05-13 15:35:45.511 [info] > git for-each-ref --sort -committerdate --format %(refname)%00%(objectname)%00%(*objectname) [17ms]
2026-05-13 15:35:50.541 [info] > git config --get commit.template [9ms]
2026-05-13 15:35:50.542 [info] > git for-each-ref --format=%(refname)%00%(upstream:short)%00%(objectname)%00%(upstream:track)%00%(upstream:remotename)%00%(upstream:remoteref) refs/heads/main refs/remotes/main [3ms]
2026-05-13 15:35:50.569 [info] > git for-each-ref --sort -committerdate --format %(refname)%00%(objectname)%00%(*objectname) [6ms]
2026-05-13 15:35:50.573 [info] > git status -z -uall [22ms]
2026-05-13 15:35:55.595 [info] > git config --get commit.template [3ms]
2026-05-13 15:35:55.605 [info] > git for-each-ref --format=%(refname)%00%(upstream:short)%00%(objectname)%00%(upstream:track)%00%(upstream:remotename)%00%(upstream:remoteref) refs/heads/main refs/remotes/main [3ms]
2026-05-13 15:35:55.626 [info] > git for-each-ref --sort -committerdate --format %(refname)%00%(objectname)%00%(*objectname) [3ms]
2026-05-13 15:35:55.633 [info] > git status -z -uall [21ms]
2026-05-13 15:36:00.645 [info] > git config --get commit.template [2ms]
2026-05-13 15:36:00.656 [info] > git for-each-ref --format=%(refname)%00%(upstream:short)%00%(objectname)%00%(upstream:track)%00%(upstream:remotename)%00%(upstream:remoteref) refs/heads/main refs/remotes/main [3ms]
2026-05-13 15:36:00.678 [info] > git for-each-ref --sort -committerdate --format %(refname)%00%(objectname)%00%(*objectname) [4ms]
2026-05-13 15:36:00.683 [info] > git status -z -uall [21ms]
2026-05-13 15:36:05.707 [info] > git config --get commit.template [10ms]
2026-05-13 15:36:05.708 [info] > git for-each-ref --format=%(refname)%00%(upstream:short)%00%(objectname)%00%(upstream:track)%00%(upstream:remotename)%00%(upstream:remoteref) refs/heads/main refs/remotes/main [3ms]
2026-05-13 15:36:05.740 [info] > git for-each-ref --sort -committerdate --format %(refname)%00%(objectname)%00%(*objectname) [8ms]
2026-05-13 15:36:05.742 [info] > git status -z -uall [24ms]
2026-05-13 15:36:10.755 [info] > git config --get commit.template [3ms]
2026-05-13 15:36:10.767 [info] > git for-each-ref --format=%(refname)%00%(upstream:short)%00%(objectname)%00%(upstream:track)%00%(upstream:remotename)%00%(upstream:remoteref) refs/heads/main refs/remotes/main [3ms]
2026-05-13 15:36:10.792 [info] > git for-each-ref --sort -committerdate --format %(refname)%00%(objectname)%00%(*objectname) [5ms]
2026-05-13 15:36:10.803 [info] > git status -z -uall [28ms]
2026-05-13 15:36:15.827 [info] > git config --get commit.template [12ms]
2026-05-13 15:36:15.827 [info] > git for-each-ref --format=%(refname)%00%(upstream:short)%00%(objectname)%00%(upstream:track)%00%(upstream:remotename)%00%(upstream:remoteref) refs/heads/main refs/remotes/main [4ms]
2026-05-13 15:36:15.848 [info] > git for-each-ref --sort -committerdate --format %(refname)%00%(objectname)%00%(*objectname) [3ms]
2026-05-13 15:36:15.854 [info] > git status -z -uall [20ms]
2026-05-13 15:36:20.873 [info] > git config --get commit.template [9ms]
2026-05-13 15:36:20.874 [info] > git for-each-ref --format=%(refname)%00%(upstream:short)%00%(objectname)%00%(upstream:track)%00%(upstream:remotename)%00%(upstream:remoteref) refs/heads/main refs/remotes/main [2ms]
2026-05-13 15:36:20.899 [info] > git for-each-ref --sort -committerdate --format %(refname)%00%(objectname)%00%(*objectname) [7ms]
2026-05-13 15:36:20.902 [info] > git status -z -uall [20ms]
2026-05-13 15:36:25.924 [info] > git config --get commit.template [11ms]
2026-05-13 15:36:25.926 [info] > git for-each-ref --format=%(refname)%00%(upstream:short)%00%(objectname)%00%(upstream:track)%00%(upstream:remotename)%00%(upstream:remoteref) refs/heads/main refs/remotes/main [3ms]
2026-05-13 15:36:25.950 [info] > git for-each-ref --sort -committerdate --format %(refname)%00%(objectname)%00%(*objectname) [4ms]
2026-05-13 15:36:25.956 [info] > git status -z -uall [21ms]
2026-05-13 15:36:30.975 [info] > git config --get commit.template [10ms]
2026-05-13 15:36:30.977 [info] > git for-each-ref --format=%(refname)%00%(upstream:short)%00%(objectname)%00%(upstream:track)%00%(upstream:remotename)%00%(upstream:remoteref) refs/heads/main refs/remotes/main [3ms]
2026-05-13 15:36:31.004 [info] > git status -z -uall [20ms]
2026-05-13 15:36:31.006 [info] > git for-each-ref --sort -committerdate --format %(refname)%00%(objectname)%00%(*objectname) [7ms]
2026-05-13 15:36:36.031 [info] > git for-each-ref --format=%(refname)%00%(upstream:short)%00%(objectname)%00%(upstream:track)%00%(upstream:remotename)%00%(upstream:remoteref) refs/heads/main refs/remotes/main [4ms]
2026-05-13 15:36:36.032 [info] > git config --get commit.template [13ms]
2026-05-13 15:36:36.056 [info] > git for-each-ref --sort -committerdate --format %(refname)%00%(objectname)%00%(*objectname) [3ms]
2026-05-13 15:36:36.062 [info] > git status -z -uall [21ms]
2026-05-13 15:36:41.081 [info] > git config --get commit.template [10ms]
2026-05-13 15:36:41.082 [info] > git for-each-ref --format=%(refname)%00%(upstream:short)%00%(objectname)%00%(upstream:track)%00%(upstream:remotename)%00%(upstream:remoteref) refs/heads/main refs/remotes/main [3ms]
2026-05-13 15:36:41.106 [info] > git for-each-ref --sort -committerdate --format %(refname)%00%(objectname)%00%(*objectname) [5ms]
2026-05-13 15:36:41.110 [info] > git status -z -uall [21ms]
2026-05-13 15:36:46.130 [info] > git config --get commit.template [9ms]
2026-05-13 15:36:46.131 [info] > git for-each-ref --format=%(refname)%00%(upstream:short)%00%(objectname)%00%(upstream:track)%00%(upstream:remotename)%00%(upstream:remoteref) refs/heads/main refs/remotes/main [3ms]
2026-05-13 15:36:46.152 [info] > git for-each-ref --sort -committerdate --format %(refname)%00%(objectname)%00%(*objectname) [3ms]
2026-05-13 15:36:46.157 [info] > git status -z -uall [19ms]
2026-05-13 15:36:51.170 [info] > git config --get commit.template [2ms]
2026-05-13 15:36:51.179 [info] > git for-each-ref --format=%(refname)%00%(upstream:short)%00%(objectname)%00%(upstream:track)%00%(upstream:remotename)%00%(upstream:remoteref) refs/heads/main refs/remotes/main [2ms]
2026-05-13 15:36:51.200 [info] > git for-each-ref --sort -committerdate --format %(refname)%00%(objectname)%00%(*objectname) [3ms]
2026-05-13 15:36:51.205 [info] > git status -z -uall [19ms]
2026-05-13 15:37:08.159 [info] > git config --get commit.template [10ms]
2026-05-13 15:37:08.160 [info] > git for-each-ref --format=%(refname)%00%(upstream:short)%00%(objectname)%00%(upstream:track)%00%(upstream:remotename)%00%(upstream:remoteref) refs/heads/main refs/remotes/main [2ms]
2026-05-13 15:37:08.184 [info] > git for-each-ref --sort -committerdate --format %(refname)%00%(objectname)%00%(*objectname) [2ms]
2026-05-13 15:37:08.189 [info] > git status -z -uall [21ms]
2026-05-13 15:37:13.212 [info] > git config --get commit.template [10ms]
2026-05-13 15:37:13.213 [info] > git for-each-ref --format=%(refname)%00%(upstream:short)%00%(objectname)%00%(upstream:track)%00%(upstream:remotename)%00%(upstream:remoteref) refs/heads/main refs/remotes/main [3ms]
2026-05-13 15:37:13.238 [info] > git for-each-ref --sort -committerdate --format %(refname)%00%(objectname)%00%(*objectname) [4ms]
2026-05-13 15:37:13.242 [info] > git status -z -uall [21ms]
2026-05-13 15:37:18.262 [info] > git config --get commit.template [9ms]
2026-05-13 15:37:18.264 [info] > git for-each-ref --format=%(refname)%00%(upstream:short)%00%(objectname)%00%(upstream:track)%00%(upstream:remotename)%00%(upstream:remoteref) refs/heads/main refs/remotes/main [3ms]
2026-05-13 15:37:18.295 [info] > git status -z -uall [21ms]
2026-05-13 15:37:18.295 [info] > git for-each-ref --sort -committerdate --format %(refname)%00%(objectname)%00%(*objectname) [7ms]
2026-05-13 15:37:23.318 [info] > git config --get commit.template [11ms]
2026-05-13 15:37:23.319 [info] > git for-each-ref --format=%(refname)%00%(upstream:short)%00%(objectname)%00%(upstream:track)%00%(upstream:remotename)%00%(upstream:remoteref) refs/heads/main refs/remotes/main [2ms]
2026-05-13 15:37:23.344 [info] > git for-each-ref --sort -committerdate --format %(refname)%00%(objectname)%00%(*objectname) [5ms]
2026-05-13 15:37:23.348 [info] > git status -z -uall [21ms]
2026-05-13 15:37:28.367 [info] > git config --get commit.template [10ms]
2026-05-13 15:37:28.368 [info] > git for-each-ref --format=%(refname)%00%(upstream:short)%00%(objectname)%00%(upstream:track)%00%(upstream:remotename)%00%(upstream:remoteref) refs/heads/main refs/remotes/main [2ms]
2026-05-13 15:37:28.389 [info] > git for-each-ref --sort -committerdate --format %(refname)%00%(objectname)%00%(*objectname) [3ms]
2026-05-13 15:37:28.395 [info] > git status -z -uall [20ms]
2026-05-13 15:37:33.419 [info] > git config --get commit.template [11ms]
2026-05-13 15:37:33.420 [info] > git for-each-ref --format=%(refname)%00%(upstream:short)%00%(objectname)%00%(upstream:track)%00%(upstream:remotename)%00%(upstream:remoteref) refs/heads/main refs/remotes/main [3ms]
2026-05-13 15:37:33.450 [info] > git status -z -uall [22ms]
2026-05-13 15:37:33.454 [info] > git for-each-ref --sort -committerdate --format %(refname)%00%(objectname)%00%(*objectname) [8ms]
2026-05-13 15:37:38.479 [info] > git for-each-ref --format=%(refname)%00%(upstream:short)%00%(objectname)%00%(upstream:track)%00%(upstream:remotename)%00%(upstream:remoteref) refs/heads/main refs/remotes/main [4ms]
2026-05-13 15:37:38.480 [info] > git config --get commit.template [13ms]
2026-05-13 15:37:38.508 [info] > git for-each-ref --sort -committerdate --format %(refname)%00%(objectname)%00%(*objectname) [4ms]
2026-05-13 15:37:38.512 [info] > git status -z -uall [21ms]
2026-05-13 15:37:43.527 [info] > git config --get commit.template [2ms]
2026-05-13 15:37:43.538 [info] > git for-each-ref --format=%(refname)%00%(upstream:short)%00%(objectname)%00%(upstream:track)%00%(upstream:remotename)%00%(upstream:remoteref) refs/heads/main refs/remotes/main [3ms]
2026-05-13 15:37:43.566 [info] > git for-each-ref --sort -committerdate --format %(refname)%00%(objectname)%00%(*objectname) [8ms]
2026-05-13 15:37:43.567 [info] > git status -z -uall [21ms]
2026-05-13 15:37:48.590 [info] > git config --get commit.template [10ms]
2026-05-13 15:37:48.592 [info] > git for-each-ref --format=%(refname)%00%(upstream:short)%00%(objectname)%00%(upstream:track)%00%(upstream:remotename)%00%(upstream:remoteref) refs/heads/main refs/remotes/main [3ms]
2026-05-13 15:37:48.619 [info] > git for-each-ref --sort -committerdate --format %(refname)%00%(objectname)%00%(*objectname) [6ms]
2026-05-13 15:37:48.622 [info] > git status -z -uall [22ms]
2026-05-13 15:39:00.404 [info] > git config --get commit.template [3ms]
2026-05-13 15:39:00.414 [info] > git for-each-ref --format=%(refname)%00%(upstream:short)%00%(objectname)%00%(upstream:track)%00%(upstream:remotename)%00%(upstream:remoteref) refs/heads/main refs/remotes/main [3ms]
2026-05-13 15:39:00.436 [info] > git for-each-ref --sort -committerdate --format %(refname)%00%(objectname)%00%(*objectname) [4ms]
2026-05-13 15:39:00.442 [info] > git status -z -uall [21ms]
2026-05-13 15:39:05.477 [info] > git config --get commit.template [20ms]
2026-05-13 15:39:05.478 [info] > git for-each-ref --format=%(refname)%00%(upstream:short)%00%(objectname)%00%(upstream:track)%00%(upstream:remotename)%00%(upstream:remoteref) refs/heads/main refs/remotes/main [9ms]
2026-05-13 15:39:05.509 [info] > git for-each-ref --sort -committerdate --format %(refname)%00%(objectname)%00%(*objectname) [7ms]
2026-05-13 15:39:05.514 [info] > git status -z -uall [26ms]
2026-05-13 15:39:35.996 [info] > git config --get commit.template [4ms]
2026-05-13 15:39:36.008 [info] > git for-each-ref --format=%(refname)%00%(upstream:short)%00%(objectname)%00%(upstream:track)%00%(upstream:remotename)%00%(upstream:remoteref) refs/heads/main refs/remotes/main [3ms]
2026-05-13 15:39:36.035 [info] > git for-each-ref --sort -committerdate --format %(refname)%00%(objectname)%00%(*objectname) [5ms]
2026-05-13 15:39:36.040 [info] > git status -z -uall [23ms]
2026-05-13 15:40:17.459 [info] > git config --get commit.template [10ms]
2026-05-13 15:40:17.463 [info] > git for-each-ref --format=%(refname)%00%(upstream:short)%00%(objectname)%00%(upstream:track)%00%(upstream:remotename)%00%(upstream:remoteref) refs/heads/main refs/remotes/main [5ms]
2026-05-13 15:40:17.487 [info] > git for-each-ref --sort -committerdate --format %(refname)%00%(objectname)%00%(*objectname) [4ms]
2026-05-13 15:40:17.492 [info] > git status -z -uall [21ms]
2026-05-13 15:40:22.504 [info] > git config --get commit.template [2ms]
2026-05-13 15:40:22.514 [info] > git for-each-ref --format=%(refname)%00%(upstream:short)%00%(objectname)%00%(upstream:track)%00%(upstream:remotename)%00%(upstream:remoteref) refs/heads/main refs/remotes/main [2ms]
2026-05-13 15:40:22.538 [info] > git for-each-ref --sort -committerdate --format %(refname)%00%(objectname)%00%(*objectname) [6ms]
2026-05-13 15:40:22.542 [info] > git status -z -uall [21ms]
2026-05-13 15:40:28.389 [info] > git config --get commit.template [10ms]
2026-05-13 15:40:28.391 [info] > git for-each-ref --format=%(refname)%00%(upstream:short)%00%(objectname)%00%(upstream:track)%00%(upstream:remotename)%00%(upstream:remoteref) refs/heads/main refs/remotes/main [3ms]
2026-05-13 15:40:28.414 [info] > git for-each-ref --sort -committerdate --format %(refname)%00%(objectname)%00%(*objectname) [5ms]
2026-05-13 15:40:28.421 [info] > git status -z -uall [23ms]
2026-05-13 15:40:33.443 [info] > git config --get commit.template [10ms]
2026-05-13 15:40:33.444 [info] > git for-each-ref --format=%(refname)%00%(upstream:short)%00%(objectname)%00%(upstream:track)%00%(upstream:remotename)%00%(upstream:remoteref) refs/heads/main refs/remotes/main [3ms]
2026-05-13 15:40:33.467 [info] > git for-each-ref --sort -committerdate --format %(refname)%00%(objectname)%00%(*objectname) [5ms]
2026-05-13 15:40:33.473 [info] > git status -z -uall [22ms]
2026-05-13 15:40:38.494 [info] > git config --get commit.template [10ms]
2026-05-13 15:40:38.495 [info] > git for-each-ref --format=%(refname)%00%(upstream:short)%00%(objectname)%00%(upstream:track)%00%(upstream:remotename)%00%(upstream:remoteref) refs/heads/main refs/remotes/main [2ms]
2026-05-13 15:40:38.527 [info] > git for-each-ref --sort -committerdate --format %(refname)%00%(objectname)%00%(*objectname) [6ms]
2026-05-13 15:40:38.531 [info] > git status -z -uall [21ms]
2026-05-13 15:40:43.558 [info] > git config --get commit.template [14ms]
2026-05-13 15:40:43.560 [info] > git for-each-ref --format=%(refname)%00%(upstream:short)%00%(objectname)%00%(upstream:track)%00%(upstream:remotename)%00%(upstream:remoteref) refs/heads/main refs/remotes/main [4ms]
2026-05-13 15:40:43.584 [info] > git for-each-ref --sort -committerdate --format %(refname)%00%(objectname)%00%(*objectname) [3ms]
2026-05-13 15:40:43.592 [info] > git status -z -uall [24ms]
2026-05-13 15:40:49.892 [info] > git config --get commit.template [9ms]
2026-05-13 15:40:49.894 [info] > git for-each-ref --format=%(refname)%00%(upstream:short)%00%(objectname)%00%(upstream:track)%00%(upstream:remotename)%00%(upstream:remoteref) refs/heads/main refs/remotes/main [3ms]
2026-05-13 15:40:49.919 [info] > git for-each-ref --sort -committerdate --format %(refname)%00%(objectname)%00%(*objectname) [3ms]
2026-05-13 15:40:49.924 [info] > git status -z -uall [21ms]
2026-05-13 15:40:54.943 [info] > git config --get commit.template [9ms]
2026-05-13 15:40:54.945 [info] > git for-each-ref --format=%(refname)%00%(upstream:short)%00%(objectname)%00%(upstream:track)%00%(upstream:remotename)%00%(upstream:remoteref) refs/heads/main refs/remotes/main [3ms]
2026-05-13 15:40:54.969 [info] > git for-each-ref --sort -committerdate --format %(refname)%00%(objectname)%00%(*objectname) [7ms]
2026-05-13 15:40:54.972 [info] > git status -z -uall [21ms]
2026-05-13 15:40:59.985 [info] > git config --get commit.template [2ms]
2026-05-13 15:40:59.996 [info] > git for-each-ref --format=%(refname)%00%(upstream:short)%00%(objectname)%00%(upstream:track)%00%(upstream:remotename)%00%(upstream:remoteref) refs/heads/main refs/remotes/main [4ms]
2026-05-13 15:41:00.018 [info] > git for-each-ref --sort -committerdate --format %(refname)%00%(objectname)%00%(*objectname) [4ms]
2026-05-13 15:41:00.023 [info] > git status -z -uall [20ms]
2026-05-13 15:41:31.521 [info] > git config --get commit.template [9ms]
2026-05-13 15:41:31.523 [info] > git for-each-ref --format=%(refname)%00%(upstream:short)%00%(objectname)%00%(upstream:track)%00%(upstream:remotename)%00%(upstream:remoteref) refs/heads/main refs/remotes/main [3ms]
2026-05-13 15:41:31.544 [info] > git for-each-ref --sort -committerdate --format %(refname)%00%(objectname)%00%(*objectname) [3ms]
2026-05-13 15:41:31.549 [info] > git status -z -uall [20ms]
2026-05-13 15:41:36.572 [info] > git config --get commit.template [10ms]
2026-05-13 15:41:36.573 [info] > git for-each-ref --format=%(refname)%00%(upstream:short)%00%(objectname)%00%(upstream:track)%00%(upstream:remotename)%00%(upstream:remoteref) refs/heads/main refs/remotes/main [3ms]
2026-05-13 15:41:36.597 [info] > git for-each-ref --sort -committerdate --format %(refname)%00%(objectname)%00%(*objectname) [4ms]
2026-05-13 15:41:36.602 [info] > git status -z -uall [21ms]
2026-05-13 15:41:43.282 [info] > git config --get commit.template [10ms]
2026-05-13 15:41:43.284 [info] > git for-each-ref --format=%(refname)%00%(upstream:short)%00%(objectname)%00%(upstream:track)%00%(upstream:remotename)%00%(upstream:remoteref) refs/heads/main refs/remotes/main [2ms]
2026-05-13 15:41:43.308 [info] > git for-each-ref --sort -committerdate --format %(refname)%00%(objectname)%00%(*objectname) [4ms]
2026-05-13 15:41:43.313 [info] > git status -z -uall [21ms]
2026-05-13 15:41:48.326 [info] > git config --get commit.template [3ms]
2026-05-13 15:41:48.335 [info] > git for-each-ref --format=%(refname)%00%(upstream:short)%00%(objectname)%00%(upstream:track)%00%(upstream:remotename)%00%(upstream:remoteref) refs/heads/main refs/remotes/main [3ms]
2026-05-13 15:41:48.356 [info] > git for-each-ref --sort -committerdate --format %(refname)%00%(objectname)%00%(*objectname) [4ms]
2026-05-13 15:41:48.362 [info] > git status -z -uall [20ms]
2026-05-13 15:41:53.382 [info] > git config --get commit.template [9ms]
2026-05-13 15:41:53.384 [info] > git for-each-ref --format=%(refname)%00%(upstream:short)%00%(objectname)%00%(upstream:track)%00%(upstream:remotename)%00%(upstream:remoteref) refs/heads/main refs/remotes/main [3ms]
2026-05-13 15:41:53.413 [info] > git for-each-ref --sort -committerdate --format %(refname)%00%(objectname)%00%(*objectname) [6ms]
2026-05-13 15:41:53.415 [info] > git status -z -uall [21ms]
2026-05-13 15:41:58.428 [info] > git config --get commit.template [2ms]
2026-05-13 15:41:58.437 [info] > git for-each-ref --format=%(refname)%00%(upstream:short)%00%(objectname)%00%(upstream:track)%00%(upstream:remotename)%00%(upstream:remoteref) refs/heads/main refs/remotes/main [2ms]
2026-05-13 15:41:58.459 [info] > git for-each-ref --sort -committerdate --format %(refname)%00%(objectname)%00%(*objectname) [5ms]
2026-05-13 15:41:58.464 [info] > git status -z -uall [20ms]
2026-05-13 15:42:03.490 [info] > git config --get commit.template [12ms]
2026-05-13 15:42:03.491 [info] > git for-each-ref --format=%(refname)%00%(upstream:short)%00%(objectname)%00%(upstream:track)%00%(upstream:remotename)%00%(upstream:remoteref) refs/heads/main refs/remotes/main [3ms]
2026-05-13 15:42:03.523 [info] > git for-each-ref --sort -committerdate --format %(refname)%00%(objectname)%00%(*objectname) [8ms]
2026-05-13 15:42:03.525 [info] > git status -z -uall [23ms]
2026-05-13 15:42:08.549 [info] > git config --get commit.template [11ms]
2026-05-13 15:42:08.551 [info] > git for-each-ref --format=%(refname)%00%(upstream:short)%00%(objectname)%00%(upstream:track)%00%(upstream:remotename)%00%(upstream:remoteref) refs/heads/main refs/remotes/main [3ms]
2026-05-13 15:42:08.579 [info] > git for-each-ref --sort -committerdate --format %(refname)%00%(objectname)%00%(*objectname) [7ms]
2026-05-13 15:42:08.584 [info] > git status -z -uall [24ms]
2026-05-13 15:42:13.605 [info] > git config --get commit.template [9ms]
2026-05-13 15:42:13.606 [info] > git for-each-ref --format=%(refname)%00%(upstream:short)%00%(objectname)%00%(upstream:track)%00%(upstream:remotename)%00%(upstream:remoteref) refs/heads/main refs/remotes/main [2ms]
2026-05-13 15:42:13.627 [info] > git for-each-ref --sort -committerdate --format %(refname)%00%(objectname)%00%(*objectname) [3ms]
2026-05-13 15:42:13.633 [info] > git status -z -uall [20ms]
2026-05-13 15:42:18.660 [info] > git config --get commit.template [13ms]
2026-05-13 15:42:18.664 [info] > git for-each-ref --format=%(refname)%00%(upstream:short)%00%(objectname)%00%(upstream:track)%00%(upstream:remotename)%00%(upstream:remoteref) refs/heads/main refs/remotes/main [5ms]
2026-05-13 15:42:18.698 [info] > git for-each-ref --sort -committerdate --format %(refname)%00%(objectname)%00%(*objectname) [3ms]
2026-05-13 15:42:18.712 [info] > git status -z -uall [38ms]
2026-05-13 15:42:23.752 [info] > git config --get commit.template [13ms]
2026-05-13 15:42:23.756 [info] > git for-each-ref --format=%(refname)%00%(upstream:short)%00%(objectname)%00%(upstream:track)%00%(upstream:remotename)%00%(upstream:remoteref) refs/heads/main refs/remotes/main [5ms]
2026-05-13 15:42:23.785 [info] > git for-each-ref --sort -committerdate --format %(refname)%00%(objectname)%00%(*objectname) [4ms]
2026-05-13 15:42:23.798 [info] > git status -z -uall [32ms]
2026-05-13 15:42:28.815 [info] > git config --get commit.template [3ms]
2026-05-13 15:42:28.828 [info] > git for-each-ref --format=%(refname)%00%(upstream:short)%00%(objectname)%00%(upstream:track)%00%(upstream:remotename)%00%(upstream:remoteref) refs/heads/main refs/remotes/main [3ms]
2026-05-13 15:42:28.851 [info] > git for-each-ref --sort -committerdate --format %(refname)%00%(objectname)%00%(*objectname) [3ms]
2026-05-13 15:42:28.856 [info] > git status -z -uall [20ms]
2026-05-13 15:42:33.869 [info] > git config --get commit.template [3ms]
2026-05-13 15:42:33.880 [info] > git for-each-ref --format=%(refname)%00%(upstream:short)%00%(objectname)%00%(upstream:track)%00%(upstream:remotename)%00%(upstream:remoteref) refs/heads/main refs/remotes/main [3ms]
2026-05-13 15:42:33.900 [info] > git for-each-ref --sort -committerdate --format %(refname)%00%(objectname)%00%(*objectname) [2ms]
2026-05-13 15:42:33.906 [info] > git status -z -uall [19ms]
2026-05-13 15:42:38.928 [info] > git config --get commit.template [9ms]
2026-05-13 15:42:38.930 [info] > git for-each-ref --format=%(refname)%00%(upstream:short)%00%(objectname)%00%(upstream:track)%00%(upstream:remotename)%00%(upstream:remoteref) refs/heads/main refs/remotes/main [3ms]
2026-05-13 15:42:38.956 [info] > git for-each-ref --sort -committerdate --format %(refname)%00%(objectname)%00%(*objectname) [7ms]
2026-05-13 15:42:38.961 [info] > git status -z -uall [24ms]
2026-05-13 15:42:43.990 [info] > git config --get commit.template [12ms]
2026-05-13 15:42:43.992 [info] > git for-each-ref --format=%(refname)%00%(upstream:short)%00%(objectname)%00%(upstream:track)%00%(upstream:remotename)%00%(upstream:remoteref) refs/heads/main refs/remotes/main [2ms]
2026-05-13 15:42:44.018 [info] > git for-each-ref --sort -committerdate --format %(refname)%00%(objectname)%00%(*objectname) [3ms]
2026-05-13 15:42:44.025 [info] > git status -z -uall [24ms]
2026-05-13 15:42:49.038 [info] > git config --get commit.template [2ms]
2026-05-13 15:42:49.048 [info] > git for-each-ref --format=%(refname)%00%(upstream:short)%00%(objectname)%00%(upstream:track)%00%(upstream:remotename)%00%(upstream:remoteref) refs/heads/main refs/remotes/main [2ms]
2026-05-13 15:42:49.069 [info] > git for-each-ref --sort -committerdate --format %(refname)%00%(objectname)%00%(*objectname) [3ms]
2026-05-13 15:42:49.074 [info] > git status -z -uall [19ms]
2026-05-13 15:42:54.093 [info] > git config --get commit.template [10ms]
2026-05-13 15:42:54.095 [info] > git for-each-ref --format=%(refname)%00%(upstream:short)%00%(objectname)%00%(upstream:track)%00%(upstream:remotename)%00%(upstream:remoteref) refs/heads/main refs/remotes/main [3ms]
2026-05-13 15:42:54.115 [info] > git for-each-ref --sort -committerdate --format %(refname)%00%(objectname)%00%(*objectname) [3ms]
2026-05-13 15:42:54.121 [info] > git status -z -uall [20ms]
2026-05-13 15:42:59.141 [info] > git config --get commit.template [11ms]
2026-05-13 15:42:59.142 [info] > git for-each-ref --format=%(refname)%00%(upstream:short)%00%(objectname)%00%(upstream:track)%00%(upstream:remotename)%00%(upstream:remoteref) refs/heads/main refs/remotes/main [4ms]
2026-05-13 15:42:59.165 [info] > git for-each-ref --sort -committerdate --format %(refname)%00%(objectname)%00%(*objectname) [3ms]
2026-05-13 15:42:59.172 [info] > git status -z -uall [22ms]
2026-05-13 15:43:04.191 [info] > git config --get commit.template [9ms]
2026-05-13 15:43:04.193 [info] > git for-each-ref --format=%(refname)%00%(upstream:short)%00%(objectname)%00%(upstream:track)%00%(upstream:remotename)%00%(upstream:remoteref) refs/heads/main refs/remotes/main [3ms]
2026-05-13 15:43:04.216 [info] > git for-each-ref --sort -committerdate --format %(refname)%00%(objectname)%00%(*objectname) [6ms]
2026-05-13 15:43:04.219 [info] > git status -z -uall [20ms]
2026-05-13 15:43:09.236 [info] > git config --get commit.template [3ms]
2026-05-13 15:43:09.247 [info] > git for-each-ref --format=%(refname)%00%(upstream:short)%00%(objectname)%00%(upstream:track)%00%(upstream:remotename)%00%(upstream:remoteref) refs/heads/main refs/remotes/main [3ms]
2026-05-13 15:43:09.272 [info] > git for-each-ref --sort -committerdate --format %(refname)%00%(objectname)%00%(*objectname) [5ms]
2026-05-13 15:43:09.281 [info] > git status -z -uall [26ms]
2026-05-13 15:43:14.301 [info] > git config --get commit.template [10ms]
2026-05-13 15:43:14.303 [info] > git for-each-ref --format=%(refname)%00%(upstream:short)%00%(objectname)%00%(upstream:track)%00%(upstream:remotename)%00%(upstream:remoteref) refs/heads/main refs/remotes/main [2ms]
2026-05-13 15:43:14.327 [info] > git for-each-ref --sort -committerdate --format %(refname)%00%(objectname)%00%(*objectname) [6ms]
2026-05-13 15:43:14.330 [info] > git status -z -uall [20ms]
2026-05-13 15:43:19.352 [info] > git config --get commit.template [10ms]
2026-05-13 15:43:19.353 [info] > git for-each-ref --format=%(refname)%00%(upstream:short)%00%(objectname)%00%(upstream:track)%00%(upstream:remotename)%00%(upstream:remoteref) refs/heads/main refs/remotes/main [2ms]
2026-05-13 15:43:19.376 [info] > git for-each-ref --sort -committerdate --format %(refname)%00%(objectname)%00%(*objectname) [4ms]
2026-05-13 15:43:19.381 [info] > git status -z -uall [20ms]
2026-05-13 15:43:24.401 [info] > git config --get commit.template [9ms]
2026-05-13 15:43:24.403 [info] > git for-each-ref --format=%(refname)%00%(upstream:short)%00%(objectname)%00%(upstream:track)%00%(upstream:remotename)%00%(upstream:remoteref) refs/heads/main refs/remotes/main [3ms]
2026-05-13 15:43:24.427 [info] > git for-each-ref --sort -committerdate --format %(refname)%00%(objectname)%00%(*objectname) [5ms]
2026-05-13 15:43:24.430 [info] > git status -z -uall [20ms]
2026-05-13 15:43:29.454 [info] > git config --get commit.template [12ms]
2026-05-13 15:43:29.455 [info] > git for-each-ref --format=%(refname)%00%(upstream:short)%00%(objectname)%00%(upstream:track)%00%(upstream:remotename)%00%(upstream:remoteref) refs/heads/main refs/remotes/main [3ms]
2026-05-13 15:43:29.480 [info] > git for-each-ref --sort -committerdate --format %(refname)%00%(objectname)%00%(*objectname) [4ms]
2026-05-13 15:43:29.484 [info] > git status -z -uall [20ms]
2026-05-13 15:43:44.458 [info] > git config --get commit.template [9ms]
2026-05-13 15:43:44.460 [info] > git for-each-ref --format=%(refname)%00%(upstream:short)%00%(objectname)%00%(upstream:track)%00%(upstream:remotename)%00%(upstream:remoteref) refs/heads/main refs/remotes/main [3ms]
2026-05-13 15:43:44.481 [info] > git for-each-ref --sort -committerdate --format %(refname)%00%(objectname)%00%(*objectname) [3ms]
2026-05-13 15:43:44.487 [info] > git status -z -uall [20ms]
2026-05-13 15:45:06.196 [info] > git config --get commit.template [12ms]
2026-05-13 15:45:06.198 [info] > git for-each-ref --format=%(refname)%00%(upstream:short)%00%(objectname)%00%(upstream:track)%00%(upstream:remotename)%00%(upstream:remoteref) refs/heads/main refs/remotes/main [4ms]
2026-05-13 15:45:06.229 [info] > git for-each-ref --sort -committerdate --format %(refname)%00%(objectname)%00%(*objectname) [9ms]
2026-05-13 15:45:06.234 [info] > git status -z -uall [27ms]
2026-05-13 15:45:11.254 [info] > git config --get commit.template [9ms]
2026-05-13 15:45:11.256 [info] > git for-each-ref --format=%(refname)%00%(upstream:short)%00%(objectname)%00%(upstream:track)%00%(upstream:remotename)%00%(upstream:remoteref) refs/heads/main refs/remotes/main [3ms]
2026-05-13 15:45:11.278 [info] > git for-each-ref --sort -committerdate --format %(refname)%00%(objectname)%00%(*objectname) [5ms]
2026-05-13 15:45:11.283 [info] > git status -z -uall [21ms]
2026-05-13 15:45:16.305 [info] > git config --get commit.template [11ms]
2026-05-13 15:45:16.308 [info] > git for-each-ref --format=%(refname)%00%(upstream:short)%00%(objectname)%00%(upstream:track)%00%(upstream:remotename)%00%(upstream:remoteref) refs/heads/main refs/remotes/main [5ms]
2026-05-13 15:45:16.332 [info] > git for-each-ref --sort -committerdate --format %(refname)%00%(objectname)%00%(*objectname) [4ms]
2026-05-13 15:45:16.338 [info] > git status -z -uall [22ms]
2026-05-13 15:45:21.362 [info] > git config --get commit.template [11ms]
2026-05-13 15:45:21.363 [info] > git for-each-ref --format=%(refname)%00%(upstream:short)%00%(objectname)%00%(upstream:track)%00%(upstream:remotename)%00%(upstream:remoteref) refs/heads/main refs/remotes/main [3ms]
2026-05-13 15:45:21.391 [info] > git for-each-ref --sort -committerdate --format %(refname)%00%(objectname)%00%(*objectname) [7ms]
2026-05-13 15:45:21.394 [info] > git status -z -uall [22ms]
2026-05-13 15:45:26.417 [info] > git config --get commit.template [11ms]
2026-05-13 15:45:26.419 [info] > git for-each-ref --format=%(refname)%00%(upstream:short)%00%(objectname)%00%(upstream:track)%00%(upstream:remotename)%00%(upstream:remoteref) refs/heads/main refs/remotes/main [3ms]
2026-05-13 15:45:26.442 [info] > git for-each-ref --sort -committerdate --format %(refname)%00%(objectname)%00%(*objectname) [3ms]
2026-05-13 15:45:26.447 [info] > git status -z -uall [20ms]
2026-05-13 15:47:14.720 [info] > git config --get commit.template [4ms]
2026-05-13 15:47:14.732 [info] > git for-each-ref --format=%(refname)%00%(upstream:short)%00%(objectname)%00%(upstream:track)%00%(upstream:remotename)%00%(upstream:remoteref) refs/heads/main refs/remotes/main [3ms]
2026-05-13 15:47:14.756 [info] > git for-each-ref --sort -committerdate --format %(refname)%00%(objectname)%00%(*objectname) [3ms]
2026-05-13 15:47:14.761 [info] > git status -z -uall [21ms]
2026-05-13 15:47:19.775 [info] > git config --get commit.template [3ms]
2026-05-13 15:47:19.784 [info] > git for-each-ref --format=%(refname)%00%(upstream:short)%00%(objectname)%00%(upstream:track)%00%(upstream:remotename)%00%(upstream:remoteref) refs/heads/main refs/remotes/main [2ms]
2026-05-13 15:47:19.805 [info] > git for-each-ref --sort -committerdate --format %(refname)%00%(objectname)%00%(*objectname) [3ms]
2026-05-13 15:47:19.811 [info] > git status -z -uall [20ms]
2026-05-13 15:47:31.270 [info] > git config --get commit.template [8ms]
2026-05-13 15:47:31.272 [info] > git for-each-ref --format=%(refname)%00%(upstream:short)%00%(objectname)%00%(upstream:track)%00%(upstream:remotename)%00%(upstream:remoteref) refs/heads/main refs/remotes/main [3ms]
2026-05-13 15:47:31.293 [info] > git for-each-ref --sort -committerdate --format %(refname)%00%(objectname)%00%(*objectname) [4ms]
2026-05-13 15:47:31.299 [info] > git status -z -uall [20ms]
2026-05-13 15:47:36.318 [info] > git config --get commit.template [9ms]
2026-05-13 15:47:36.320 [info] > git for-each-ref --format=%(refname)%00%(upstream:short)%00%(objectname)%00%(upstream:track)%00%(upstream:remotename)%00%(upstream:remoteref) refs/heads/main refs/remotes/main [2ms]
2026-05-13 15:47:36.342 [info] > git for-each-ref --sort -committerdate --format %(refname)%00%(objectname)%00%(*objectname) [3ms]
2026-05-13 15:47:36.347 [info] > git status -z -uall [19ms]
2026-05-13 15:47:41.365 [info] > git config --get commit.template [9ms]
2026-05-13 15:47:41.367 [info] > git for-each-ref --format=%(refname)%00%(upstream:short)%00%(objectname)%00%(upstream:track)%00%(upstream:remotename)%00%(upstream:remoteref) refs/heads/main refs/remotes/main [2ms]
2026-05-13 15:47:41.389 [info] > git for-each-ref --sort -committerdate --format %(refname)%00%(objectname)%00%(*objectname) [3ms]
2026-05-13 15:47:41.394 [info] > git status -z -uall [20ms]
2026-05-13 15:48:26.891 [info] > git config --get commit.template [12ms]
2026-05-13 15:48:26.892 [info] > git for-each-ref --format=%(refname)%00%(upstream:short)%00%(objectname)%00%(upstream:track)%00%(upstream:remotename)%00%(upstream:remoteref) refs/heads/main refs/remotes/main [2ms]
2026-05-13 15:48:26.917 [info] > git for-each-ref --sort -committerdate --format %(refname)%00%(objectname)%00%(*objectname) [5ms]
2026-05-13 15:48:26.922 [info] > git status -z -uall [21ms]
2026-05-13 15:49:10.675 [info] > git config --get commit.template [4ms]
2026-05-13 15:49:10.685 [info] > git for-each-ref --format=%(refname)%00%(upstream:short)%00%(objectname)%00%(upstream:track)%00%(upstream:remotename)%00%(upstream:remoteref) refs/heads/main refs/remotes/main [2ms]
2026-05-13 15:49:10.710 [info] > git for-each-ref --sort -committerdate --format %(refname)%00%(objectname)%00%(*objectname) [5ms]
2026-05-13 15:49:10.714 [info] > git status -z -uall [21ms]
2026-05-13 15:49:20.921 [info] > git config --get commit.template [9ms]
2026-05-13 15:49:20.923 [info] > git for-each-ref --format=%(refname)%00%(upstream:short)%00%(objectname)%00%(upstream:track)%00%(upstream:remotename)%00%(upstream:remoteref) refs/heads/main refs/remotes/main [3ms]
2026-05-13 15:49:20.944 [info] > git for-each-ref --sort -committerdate --format %(refname)%00%(objectname)%00%(*objectname) [3ms]
2026-05-13 15:49:20.951 [info] > git status -z -uall [21ms]
2026-05-13 15:49:25.966 [info] > git config --get commit.template [3ms]
2026-05-13 15:49:25.975 [info] > git for-each-ref --format=%(refname)%00%(upstream:short)%00%(objectname)%00%(upstream:track)%00%(upstream:remotename)%00%(upstream:remoteref) refs/heads/main refs/remotes/main [2ms]
2026-05-13 15:49:25.996 [info] > git for-each-ref --sort -committerdate --format %(refname)%00%(objectname)%00%(*objectname) [3ms]
2026-05-13 15:49:26.002 [info] > git status -z -uall [19ms]
2026-05-13 15:50:11.428 [info] > git config --get commit.template [3ms]
2026-05-13 15:50:11.437 [info] > git for-each-ref --format=%(refname)%00%(upstream:short)%00%(objectname)%00%(upstream:track)%00%(upstream:remotename)%00%(upstream:remoteref) refs/heads/main refs/remotes/main [2ms]
2026-05-13 15:50:11.461 [info] > git for-each-ref --sort -committerdate --format %(refname)%00%(objectname)%00%(*objectname) [4ms]
2026-05-13 15:50:11.465 [info] > git status -z -uall [19ms]
2026-05-13 15:50:16.479 [info] > git config --get commit.template [3ms]
2026-05-13 15:50:16.489 [info] > git for-each-ref --format=%(refname)%00%(upstream:short)%00%(objectname)%00%(upstream:track)%00%(upstream:remotename)%00%(upstream:remoteref) refs/heads/main refs/remotes/main [3ms]
2026-05-13 15:50:16.511 [info] > git for-each-ref --sort -committerdate --format %(refname)%00%(objectname)%00%(*objectname) [3ms]
2026-05-13 15:50:16.516 [info] > git status -z -uall [19ms]
2026-05-13 15:50:41.272 [info] > git config --get commit.template [3ms]
2026-05-13 15:50:41.281 [info] > git for-each-ref --format=%(refname)%00%(upstream:short)%00%(objectname)%00%(upstream:track)%00%(upstream:remotename)%00%(upstream:remoteref) refs/heads/main refs/remotes/main [2ms]
2026-05-13 15:50:41.303 [info] > git for-each-ref --sort -committerdate --format %(refname)%00%(objectname)%00%(*objectname) [3ms]
2026-05-13 15:50:41.308 [info] > git status -z -uall [20ms]
2026-05-13 15:50:46.329 [info] > git config --get commit.template [11ms]
2026-05-13 15:50:46.330 [info] > git for-each-ref --format=%(refname)%00%(upstream:short)%00%(objectname)%00%(upstream:track)%00%(upstream:remotename)%00%(upstream:remoteref) refs/heads/main refs/remotes/main [3ms]
2026-05-13 15:50:46.351 [info] > git for-each-ref --sort -committerdate --format %(refname)%00%(objectname)%00%(*objectname) [4ms]
2026-05-13 15:50:46.357 [info] > git status -z -uall [20ms]
2026-05-13 15:50:51.379 [info] > git for-each-ref --format=%(refname)%00%(upstream:short)%00%(objectname)%00%(upstream:track)%00%(upstream:remotename)%00%(upstream:remoteref) refs/heads/main refs/remotes/main [3ms]
2026-05-13 15:50:51.380 [info] > git config --get commit.template [11ms]
2026-05-13 15:50:51.403 [info] > git for-each-ref --sort -committerdate --format %(refname)%00%(objectname)%00%(*objectname) [2ms]
2026-05-13 15:50:51.410 [info] > git status -z -uall [21ms]
2026-05-13 15:50:56.430 [info] > git config --get commit.template [11ms]
2026-05-13 15:50:56.430 [info] > git for-each-ref --format=%(refname)%00%(upstream:short)%00%(objectname)%00%(upstream:track)%00%(upstream:remotename)%00%(upstream:remoteref) refs/heads/main refs/remotes/main [3ms]
2026-05-13 15:50:56.452 [info] > git for-each-ref --sort -committerdate --format %(refname)%00%(objectname)%00%(*objectname) [3ms]
2026-05-13 15:50:56.458 [info] > git status -z -uall [19ms]
2026-05-13 15:51:01.472 [info] > git config --get commit.template [4ms]
2026-05-13 15:51:01.479 [info] [Git][getRemotes] No remotes found in the git config file
2026-05-13 15:51:01.481 [info] > git for-each-ref --format=%(refname)%00%(upstream:short)%00%(objectname)%00%(upstream:track)%00%(upstream:remotename)%00%(upstream:remoteref) refs/heads/main refs/remotes/main [2ms]
2026-05-13 15:51:01.503 [info] > git for-each-ref --sort -committerdate --format %(refname)%00%(objectname)%00%(*objectname) [5ms]
2026-05-13 15:51:01.509 [info] > git status -z -uall [21ms]
2026-05-13 15:51:06.527 [info] [Git][getRemotes] No remotes found in the git config file
2026-05-13 15:51:06.528 [info] > git config --get commit.template [9ms]
2026-05-13 15:51:06.529 [info] > git for-each-ref --format=%(refname)%00%(upstream:short)%00%(objectname)%00%(upstream:track)%00%(upstream:remotename)%00%(upstream:remoteref) refs/heads/main refs/remotes/main [2ms]
2026-05-13 15:51:06.553 [info] > git for-each-ref --sort -committerdate --format %(refname)%00%(objectname)%00%(*objectname) [6ms]
2026-05-13 15:51:06.557 [info] > git status -z -uall [21ms]
2026-05-13 15:51:11.578 [info] [Git][getRemotes] No remotes found in the git config file
2026-05-13 15:51:11.578 [info] > git config --get commit.template [11ms]
2026-05-13 15:51:11.580 [info] > git for-each-ref --format=%(refname)%00%(upstream:short)%00%(objectname)%00%(upstream:track)%00%(upstream:remotename)%00%(upstream:remoteref) refs/heads/main refs/remotes/main [3ms]
2026-05-13 15:51:11.604 [info] > git for-each-ref --sort -committerdate --format %(refname)%00%(objectname)%00%(*objectname) [2ms]
2026-05-13 15:51:11.610 [info] > git status -z -uall [22ms]
2026-05-13 15:51:16.633 [info] [Git][getRemotes] No remotes found in the git config file
2026-05-13 15:51:16.634 [info] > git config --get commit.template [12ms]
2026-05-13 15:51:16.635 [info] > git for-each-ref --format=%(refname)%00%(upstream:short)%00%(objectname)%00%(upstream:track)%00%(upstream:remotename)%00%(upstream:remoteref) refs/heads/main refs/remotes/main [2ms]
2026-05-13 15:51:16.659 [info] > git for-each-ref --sort -committerdate --format %(refname)%00%(objectname)%00%(*objectname) [3ms]
2026-05-13 15:51:16.665 [info] > git status -z -uall [21ms]
2026-05-13 15:51:21.687 [info] [Git][getRemotes] No remotes found in the git config file
2026-05-13 15:51:21.688 [info] > git config --get commit.template [11ms]
2026-05-13 15:51:21.690 [info] > git for-each-ref --format=%(refname)%00%(upstream:short)%00%(objectname)%00%(upstream:track)%00%(upstream:remotename)%00%(upstream:remoteref) refs/heads/main refs/remotes/main [4ms]
2026-05-13 15:51:21.715 [info] > git for-each-ref --sort -committerdate --format %(refname)%00%(objectname)%00%(*objectname) [4ms]
2026-05-13 15:51:21.721 [info] > git status -z -uall [22ms]
2026-05-13 15:51:26.741 [info] [Git][getRemotes] No remotes found in the git config file
2026-05-13 15:51:26.745 [info] > git config --get commit.template [13ms]
2026-05-13 15:51:26.745 [info] > git for-each-ref --format=%(refname)%00%(upstream:short)%00%(objectname)%00%(upstream:track)%00%(upstream:remotename)%00%(upstream:remoteref) refs/heads/main refs/remotes/main [4ms]
2026-05-13 15:51:26.767 [info] > git for-each-ref --sort -committerdate --format %(refname)%00%(objectname)%00%(*objectname) [3ms]
2026-05-13 15:51:26.773 [info] > git status -z -uall [20ms]
2026-05-13 15:51:39.087 [info] [Git][getRemotes] No remotes found in the git config file
2026-05-13 15:51:39.089 [info] > git config --get commit.template [11ms]
2026-05-13 15:51:39.090 [info] > git for-each-ref --format=%(refname)%00%(upstream:short)%00%(objectname)%00%(upstream:track)%00%(upstream:remotename)%00%(upstream:remoteref) refs/heads/main refs/remotes/main [3ms]
2026-05-13 15:51:39.115 [info] > git for-each-ref --sort -committerdate --format %(refname)%00%(objectname)%00%(*objectname) [4ms]
2026-05-13 15:51:39.120 [info] > git status -z -uall [21ms]
2026-05-13 15:51:44.136 [info] > git config --get commit.template [2ms]
2026-05-13 15:51:44.144 [info] [Git][getRemotes] No remotes found in the git config file
2026-05-13 15:51:44.147 [info] > git for-each-ref --format=%(refname)%00%(upstream:short)%00%(objectname)%00%(upstream:track)%00%(upstream:remotename)%00%(upstream:remoteref) refs/heads/main refs/remotes/main [3ms]
2026-05-13 15:51:44.172 [info] > git for-each-ref --sort -committerdate --format %(refname)%00%(objectname)%00%(*objectname) [4ms]
2026-05-13 15:51:44.177 [info] > git status -z -uall [22ms]
2026-05-13 15:51:49.197 [info] [Git][getRemotes] No remotes found in the git config file
2026-05-13 15:51:49.198 [info] > git config --get commit.template [10ms]
2026-05-13 15:51:49.200 [info] > git for-each-ref --format=%(refname)%00%(upstream:short)%00%(objectname)%00%(upstream:track)%00%(upstream:remotename)%00%(upstream:remoteref) refs/heads/main refs/remotes/main [4ms]
2026-05-13 15:51:49.222 [info] > git for-each-ref --sort -committerdate --format %(refname)%00%(objectname)%00%(*objectname) [4ms]
2026-05-13 15:51:49.227 [info] > git status -z -uall [20ms]
2026-05-13 15:51:54.241 [info] > git config --get commit.template [3ms]
2026-05-13 15:51:54.250 [info] [Git][getRemotes] No remotes found in the git config file
2026-05-13 15:51:54.255 [info] > git for-each-ref --format=%(refname)%00%(upstream:short)%00%(objectname)%00%(upstream:track)%00%(upstream:remotename)%00%(upstream:remoteref) refs/heads/main refs/remotes/main [4ms]
2026-05-13 15:51:54.280 [info] > git for-each-ref --sort -committerdate --format %(refname)%00%(objectname)%00%(*objectname) [5ms]
2026-05-13 15:51:54.285 [info] > git status -z -uall [21ms]
2026-05-13 15:51:59.298 [info] > git config --get commit.template [3ms]
2026-05-13 15:51:59.309 [info] [Git][getRemotes] No remotes found in the git config file
2026-05-13 15:51:59.309 [info] > git for-each-ref --format=%(refname)%00%(upstream:short)%00%(objectname)%00%(upstream:track)%00%(upstream:remotename)%00%(upstream:remoteref) refs/heads/main refs/remotes/main [3ms]
2026-05-13 15:51:59.337 [info] > git for-each-ref --sort -committerdate --format %(refname)%00%(objectname)%00%(*objectname) [7ms]
2026-05-13 15:51:59.339 [info] > git status -z -uall [21ms]
2026-05-13 15:52:04.363 [info] [Git][getRemotes] No remotes found in the git config file
2026-05-13 15:52:04.364 [info] > git config --get commit.template [12ms]
2026-05-13 15:52:04.366 [info] > git for-each-ref --format=%(refname)%00%(upstream:short)%00%(objectname)%00%(upstream:track)%00%(upstream:remotename)%00%(upstream:remoteref) refs/heads/main refs/remotes/main [4ms]
2026-05-13 15:52:04.391 [info] > git for-each-ref --sort -committerdate --format %(refname)%00%(objectname)%00%(*objectname) [3ms]
2026-05-13 15:52:04.396 [info] > git status -z -uall [21ms]
2026-05-13 15:52:09.416 [info] [Git][getRemotes] No remotes found in the git config file
2026-05-13 15:52:09.416 [info] > git config --get commit.template [10ms]
2026-05-13 15:52:09.418 [info] > git for-each-ref --format=%(refname)%00%(upstream:short)%00%(objectname)%00%(upstream:track)%00%(upstream:remotename)%00%(upstream:remoteref) refs/heads/main refs/remotes/main [3ms]
2026-05-13 15:52:09.438 [info] > git for-each-ref --sort -committerdate --format %(refname)%00%(objectname)%00%(*objectname) [3ms]
2026-05-13 15:52:09.444 [info] > git status -z -uall [20ms]
2026-05-13 15:52:14.464 [info] [Git][getRemotes] No remotes found in the git config file
2026-05-13 15:52:14.465 [info] > git config --get commit.template [10ms]
2026-05-13 15:52:14.467 [info] > git for-each-ref --format=%(refname)%00%(upstream:short)%00%(objectname)%00%(upstream:track)%00%(upstream:remotename)%00%(upstream:remoteref) refs/heads/main refs/remotes/main [4ms]
2026-05-13 15:52:14.488 [info] > git for-each-ref --sort -committerdate --format %(refname)%00%(objectname)%00%(*objectname) [3ms]
2026-05-13 15:52:14.494 [info] > git status -z -uall [20ms]
2026-05-13 15:52:19.511 [info] [Git][getRemotes] No remotes found in the git config file
2026-05-13 15:52:19.515 [info] > git for-each-ref --format=%(refname)%00%(upstream:short)%00%(objectname)%00%(upstream:track)%00%(upstream:remotename)%00%(upstream:remoteref) refs/heads/main refs/remotes/main [4ms]
2026-05-13 15:52:19.515 [info] > git config --get commit.template [12ms]
2026-05-13 15:52:19.538 [info] > git for-each-ref --sort -committerdate --format %(refname)%00%(objectname)%00%(*objectname) [5ms]
2026-05-13 15:52:19.544 [info] > git status -z -uall [21ms]
2026-05-13 15:52:24.565 [info] [Git][getRemotes] No remotes found in the git config file
2026-05-13 15:52:24.566 [info] > git config --get commit.template [11ms]
2026-05-13 15:52:24.568 [info] > git for-each-ref --format=%(refname)%00%(upstream:short)%00%(objectname)%00%(upstream:track)%00%(upstream:remotename)%00%(upstream:remoteref) refs/heads/main refs/remotes/main [4ms]
2026-05-13 15:52:24.602 [info] > git status -z -uall [26ms]
2026-05-13 15:52:24.602 [info] > git for-each-ref --sort -committerdate --format %(refname)%00%(objectname)%00%(*objectname) [6ms]
2026-05-13 15:53:02.713 [info] [Git][getRemotes] No remotes found in the git config file
2026-05-13 15:53:02.716 [info] > git config --get commit.template [15ms]
2026-05-13 15:53:02.717 [info] > git for-each-ref --format=%(refname)%00%(upstream:short)%00%(objectname)%00%(upstream:track)%00%(upstream:remotename)%00%(upstream:remoteref) refs/heads/main refs/remotes/main [5ms]
2026-05-13 15:53:02.745 [info] > git for-each-ref --sort -committerdate --format %(refname)%00%(objectname)%00%(*objectname) [4ms]
2026-05-13 15:53:02.752 [info] > git status -z -uall [26ms]
2026-05-13 15:53:07.768 [info] > git config --get commit.template [3ms]
2026-05-13 15:53:07.778 [info] > git for-each-ref --format=%(refname)%00%(upstream:short)%00%(objectname)%00%(upstream:track)%00%(upstream:remotename)%00%(upstream:remoteref) refs/heads/main refs/remotes/main [2ms]
2026-05-13 15:53:07.802 [info] > git for-each-ref --sort -committerdate --format %(refname)%00%(objectname)%00%(*objectname) [2ms]
2026-05-13 15:53:07.807 [info] > git status -z -uall [21ms]
2026-05-13 15:53:12.828 [info] > git config --get commit.template [10ms]
2026-05-13 15:53:12.830 [info] > git for-each-ref --format=%(refname)%00%(upstream:short)%00%(objectname)%00%(upstream:track)%00%(upstream:remotename)%00%(upstream:remoteref) refs/heads/main refs/remotes/main [3ms]
2026-05-13 15:53:12.857 [info] > git for-each-ref --sort -committerdate --format %(refname)%00%(objectname)%00%(*objectname) [7ms]
2026-05-13 15:53:12.860 [info] > git status -z -uall [22ms]
2026-05-13 15:53:17.882 [info] > git config --get commit.template [11ms]
2026-05-13 15:53:17.883 [info] > git for-each-ref --format=%(refname)%00%(upstream:short)%00%(objectname)%00%(upstream:track)%00%(upstream:remotename)%00%(upstream:remoteref) refs/heads/main refs/remotes/main [2ms]
2026-05-13 15:53:17.910 [info] > git for-each-ref --sort -committerdate --format %(refname)%00%(objectname)%00%(*objectname) [6ms]
2026-05-13 15:53:17.913 [info] > git status -z -uall [22ms]
2026-05-13 15:53:25.739 [info] > git config --get commit.template [9ms]
2026-05-13 15:53:25.740 [info] > git for-each-ref --format=%(refname)%00%(upstream:short)%00%(objectname)%00%(upstream:track)%00%(upstream:remotename)%00%(upstream:remoteref) refs/heads/main refs/remotes/main [3ms]
2026-05-13 15:53:25.763 [info] > git for-each-ref --sort -committerdate --format %(refname)%00%(objectname)%00%(*objectname) [5ms]
2026-05-13 15:53:25.768 [info] > git status -z -uall [21ms]
2026-05-13 15:53:30.787 [info] > git config --get commit.template [9ms]
2026-05-13 15:53:30.789 [info] > git for-each-ref --format=%(refname)%00%(upstream:short)%00%(objectname)%00%(upstream:track)%00%(upstream:remotename)%00%(upstream:remoteref) refs/heads/main refs/remotes/main [3ms]
2026-05-13 15:53:30.812 [info] > git for-each-ref --sort -committerdate --format %(refname)%00%(objectname)%00%(*objectname) [6ms]
2026-05-13 15:53:30.816 [info] > git status -z -uall [21ms]
2026-05-13 15:53:35.839 [info] > git config --get commit.template [10ms]
2026-05-13 15:53:35.841 [info] > git for-each-ref --format=%(refname)%00%(upstream:short)%00%(objectname)%00%(upstream:track)%00%(upstream:remotename)%00%(upstream:remoteref) refs/heads/main refs/remotes/main [3ms]
2026-05-13 15:53:35.865 [info] > git for-each-ref --sort -committerdate --format %(refname)%00%(objectname)%00%(*objectname) [7ms]
2026-05-13 15:53:35.873 [info] > git status -z -uall [25ms]
2026-05-13 15:53:40.895 [info] > git config --get commit.template [10ms]
2026-05-13 15:53:40.897 [info] > git for-each-ref --format=%(refname)%00%(upstream:short)%00%(objectname)%00%(upstream:track)%00%(upstream:remotename)%00%(upstream:remoteref) refs/heads/main refs/remotes/main [3ms]
2026-05-13 15:53:40.924 [info] > git for-each-ref --sort -committerdate --format %(refname)%00%(objectname)%00%(*objectname) [7ms]
2026-05-13 15:53:40.928 [info] > git status -z -uall [23ms]
2026-05-13 15:53:45.952 [info] > git config --get commit.template [12ms]
2026-05-13 15:53:45.953 [info] > git for-each-ref --format=%(refname)%00%(upstream:short)%00%(objectname)%00%(upstream:track)%00%(upstream:remotename)%00%(upstream:remoteref) refs/heads/main refs/remotes/main [3ms]
2026-05-13 15:53:45.980 [info] > git for-each-ref --sort -committerdate --format %(refname)%00%(objectname)%00%(*objectname) [5ms]
2026-05-13 15:53:45.984 [info] > git status -z -uall [22ms]
2026-05-13 15:53:53.571 [info] > git config --get commit.template [10ms]
2026-05-13 15:53:53.572 [info] > git for-each-ref --format=%(refname)%00%(upstream:short)%00%(objectname)%00%(upstream:track)%00%(upstream:remotename)%00%(upstream:remoteref) refs/heads/main refs/remotes/main [3ms]
2026-05-13 15:53:53.597 [info] > git for-each-ref --sort -committerdate --format %(refname)%00%(objectname)%00%(*objectname) [4ms]
2026-05-13 15:53:53.604 [info] > git status -z -uall [23ms]
2026-05-13 15:53:58.627 [info] > git config --get commit.template [12ms]
2026-05-13 15:53:58.629 [info] > git for-each-ref --format=%(refname)%00%(upstream:short)%00%(objectname)%00%(upstream:track)%00%(upstream:remotename)%00%(upstream:remoteref) refs/heads/main refs/remotes/main [3ms]
2026-05-13 15:53:58.654 [info] > git for-each-ref --sort -committerdate --format %(refname)%00%(objectname)%00%(*objectname) [4ms]
2026-05-13 15:53:58.659 [info] > git status -z -uall [22ms]
2026-05-13 15:54:03.677 [info] > git config --get commit.template [4ms]
2026-05-13 15:54:03.689 [info] > git for-each-ref --format=%(refname)%00%(upstream:short)%00%(objectname)%00%(upstream:track)%00%(upstream:remotename)%00%(upstream:remoteref) refs/heads/main refs/remotes/main [3ms]
2026-05-13 15:54:03.715 [info] > git for-each-ref --sort -committerdate --format %(refname)%00%(objectname)%00%(*objectname) [5ms]
2026-05-13 15:54:03.720 [info] > git status -z -uall [22ms]
2026-05-13 15:54:08.744 [info] > git config --get commit.template [11ms]
2026-05-13 15:54:08.746 [info] > git for-each-ref --format=%(refname)%00%(upstream:short)%00%(objectname)%00%(upstream:track)%00%(upstream:remotename)%00%(upstream:remoteref) refs/heads/main refs/remotes/main [3ms]
2026-05-13 15:54:08.774 [info] > git for-each-ref --sort -committerdate --format %(refname)%00%(objectname)%00%(*objectname) [5ms]
2026-05-13 15:54:08.777 [info] > git status -z -uall [22ms]
2026-05-13 15:54:13.799 [info] > git config --get commit.template [11ms]
2026-05-13 15:54:13.800 [info] > git for-each-ref --format=%(refname)%00%(upstream:short)%00%(objectname)%00%(upstream:track)%00%(upstream:remotename)%00%(upstream:remoteref) refs/heads/main refs/remotes/main [3ms]
2026-05-13 15:54:13.821 [info] > git for-each-ref --sort -committerdate --format %(refname)%00%(objectname)%00%(*objectname) [3ms]
2026-05-13 15:54:13.827 [info] > git status -z -uall [19ms]
2026-05-13 15:54:18.846 [info] > git config --get commit.template [9ms]
2026-05-13 15:54:18.848 [info] > git for-each-ref --format=%(refname)%00%(upstream:short)%00%(objectname)%00%(upstream:track)%00%(upstream:remotename)%00%(upstream:remoteref) refs/heads/main refs/remotes/main [3ms]
2026-05-13 15:54:18.869 [info] > git for-each-ref --sort -committerdate --format %(refname)%00%(objectname)%00%(*objectname) [3ms]
2026-05-13 15:54:18.875 [info] > git status -z -uall [20ms]
2026-05-13 15:54:23.897 [info] > git config --get commit.template [11ms]
2026-05-13 15:54:23.898 [info] > git for-each-ref --format=%(refname)%00%(upstream:short)%00%(objectname)%00%(upstream:track)%00%(upstream:remotename)%00%(upstream:remoteref) refs/heads/main refs/remotes/main [3ms]
2026-05-13 15:54:23.926 [info] > git for-each-ref --sort -committerdate --format %(refname)%00%(objectname)%00%(*objectname) [7ms]
2026-05-13 15:54:23.929 [info] > git status -z -uall [22ms]
2026-05-13 15:54:28.954 [info] > git config --get commit.template [13ms]
2026-05-13 15:54:28.956 [info] > git for-each-ref --format=%(refname)%00%(upstream:short)%00%(objectname)%00%(upstream:track)%00%(upstream:remotename)%00%(upstream:remoteref) refs/heads/main refs/remotes/main [3ms]
2026-05-13 15:54:28.987 [info] > git for-each-ref --sort -committerdate --format %(refname)%00%(objectname)%00%(*objectname) [6ms]
2026-05-13 15:54:28.997 [info] > git status -z -uall [31ms]
2026-05-13 15:54:34.020 [info] > git config --get commit.template [10ms]
2026-05-13 15:54:34.022 [info] > git for-each-ref --format=%(refname)%00%(upstream:short)%00%(objectname)%00%(upstream:track)%00%(upstream:remotename)%00%(upstream:remoteref) refs/heads/main refs/remotes/main [3ms]
2026-05-13 15:54:34.053 [info] > git for-each-ref --sort -committerdate --format %(refname)%00%(objectname)%00%(*objectname) [6ms]
2026-05-13 15:54:34.056 [info] > git status -z -uall [21ms]
2026-05-13 15:54:39.080 [info] > git config --get commit.template [12ms]
2026-05-13 15:54:39.080 [info] > git for-each-ref --format=%(refname)%00%(upstream:short)%00%(objectname)%00%(upstream:track)%00%(upstream:remotename)%00%(upstream:remoteref) refs/heads/main refs/remotes/main [4ms]
2026-05-13 15:54:39.102 [info] > git for-each-ref --sort -committerdate --format %(refname)%00%(objectname)%00%(*objectname) [3ms]
2026-05-13 15:54:39.107 [info] > git status -z -uall [20ms]
2026-05-13 15:54:44.137 [info] > git config --get commit.template [15ms]
2026-05-13 15:54:44.142 [info] > git for-each-ref --format=%(refname)%00%(upstream:short)%00%(objectname)%00%(upstream:track)%00%(upstream:remotename)%00%(upstream:remoteref) refs/heads/main refs/remotes/main [6ms]
2026-05-13 15:54:44.181 [info] > git for-each-ref --sort -committerdate --format %(refname)%00%(objectname)%00%(*objectname) [7ms]
2026-05-13 15:54:44.182 [info] > git status -z -uall [29ms]
2026-05-13 15:54:49.195 [info] > git config --get commit.template [3ms]
2026-05-13 15:54:49.205 [info] > git for-each-ref --format=%(refname)%00%(upstream:short)%00%(objectname)%00%(upstream:track)%00%(upstream:remotename)%00%(upstream:remoteref) refs/heads/main refs/remotes/main [3ms]
2026-05-13 15:54:49.225 [info] > git for-each-ref --sort -committerdate --format %(refname)%00%(objectname)%00%(*objectname) [3ms]
2026-05-13 15:54:49.231 [info] > git status -z -uall [20ms]
2026-05-13 15:54:54.251 [info] > git config --get commit.template [10ms]
2026-05-13 15:54:54.252 [info] > git for-each-ref --format=%(refname)%00%(upstream:short)%00%(objectname)%00%(upstream:track)%00%(upstream:remotename)%00%(upstream:remoteref) refs/heads/main refs/remotes/main [2ms]
2026-05-13 15:54:54.274 [info] > git for-each-ref --sort -committerdate --format %(refname)%00%(objectname)%00%(*objectname) [4ms]
2026-05-13 15:54:54.280 [info] > git status -z -uall [20ms]
2026-05-13 15:54:59.303 [info] > git config --get commit.template [11ms]
2026-05-13 15:54:59.305 [info] > git for-each-ref --format=%(refname)%00%(upstream:short)%00%(objectname)%00%(upstream:track)%00%(upstream:remotename)%00%(upstream:remoteref) refs/heads/main refs/remotes/main [3ms]
2026-05-13 15:54:59.334 [info] > git for-each-ref --sort -committerdate --format %(refname)%00%(objectname)%00%(*objectname) [6ms]
2026-05-13 15:54:59.337 [info] > git status -z -uall [22ms]
2026-05-13 15:55:04.361 [info] > git config --get commit.template [11ms]
2026-05-13 15:55:04.363 [info] > git for-each-ref --format=%(refname)%00%(upstream:short)%00%(objectname)%00%(upstream:track)%00%(upstream:remotename)%00%(upstream:remoteref) refs/heads/main refs/remotes/main [3ms]
2026-05-13 15:55:04.391 [info] > git for-each-ref --sort -committerdate --format %(refname)%00%(objectname)%00%(*objectname) [4ms]
2026-05-13 15:55:04.395 [info] > git status -z -uall [23ms]
2026-05-13 15:55:14.372 [info] > git config --get commit.template [11ms]
2026-05-13 15:55:14.373 [info] > git for-each-ref --format=%(refname)%00%(upstream:short)%00%(objectname)%00%(upstream:track)%00%(upstream:remotename)%00%(upstream:remoteref) refs/heads/main refs/remotes/main [3ms]
2026-05-13 15:55:14.397 [info] > git for-each-ref --sort -committerdate --format %(refname)%00%(objectname)%00%(*objectname) [3ms]
2026-05-13 15:55:14.403 [info] > git status -z -uall [23ms]
2026-05-13 15:55:19.424 [info] > git config --get commit.template [9ms]
2026-05-13 15:55:19.426 [info] > git for-each-ref --format=%(refname)%00%(upstream:short)%00%(objectname)%00%(upstream:track)%00%(upstream:remotename)%00%(upstream:remoteref) refs/heads/main refs/remotes/main [3ms]
2026-05-13 15:55:19.450 [info] > git for-each-ref --sort -committerdate --format %(refname)%00%(objectname)%00%(*objectname) [4ms]
2026-05-13 15:55:19.453 [info] > git status -z -uall [20ms]
2026-05-13 15:55:24.477 [info] > git config --get commit.template [12ms]
2026-05-13 15:55:24.478 [info] > git for-each-ref --format=%(refname)%00%(upstream:short)%00%(objectname)%00%(upstream:track)%00%(upstream:remotename)%00%(upstream:remoteref) refs/heads/main refs/remotes/main [3ms]
2026-05-13 15:55:24.503 [info] > git for-each-ref --sort -committerdate --format %(refname)%00%(objectname)%00%(*objectname) [4ms]
2026-05-13 15:55:24.509 [info] > git status -z -uall [22ms]
2026-05-13 15:55:29.529 [info] > git config --get commit.template [9ms]
2026-05-13 15:55:29.531 [info] > git for-each-ref --format=%(refname)%00%(upstream:short)%00%(objectname)%00%(upstream:track)%00%(upstream:remotename)%00%(upstream:remoteref) refs/heads/main refs/remotes/main [3ms]
2026-05-13 15:55:29.559 [info] > git for-each-ref --sort -committerdate --format %(refname)%00%(objectname)%00%(*objectname) [7ms]
2026-05-13 15:55:29.560 [info] > git status -z -uall [22ms]
2026-05-13 15:55:29.924 [info] > git check-ignore -v -z --stdin [2ms]
2026-05-13 15:55:31.873 [info] > git check-ignore -v -z --stdin [5ms]
2026-05-13 15:55:34.618 [info] > git config --get commit.template [30ms]
2026-05-13 15:55:34.621 [info] > git for-each-ref --format=%(refname)%00%(upstream:short)%00%(objectname)%00%(upstream:track)%00%(upstream:remotename)%00%(upstream:remoteref) refs/heads/main refs/remotes/main [5ms]
2026-05-13 15:55:34.671 [info] > git for-each-ref --sort -committerdate --format %(refname)%00%(objectname)%00%(*objectname) [10ms]
2026-05-13 15:55:34.687 [info] > git status -z -uall [46ms]
2026-05-13 15:55:35.220 [info] > git check-ignore -v -z --stdin [8ms]
2026-05-13 15:55:39.723 [info] > git config --get commit.template [15ms]
2026-05-13 15:55:39.725 [info] > git for-each-ref --format=%(refname)%00%(upstream:short)%00%(objectname)%00%(upstream:track)%00%(upstream:remotename)%00%(upstream:remoteref) refs/heads/main refs/remotes/main [3ms]
2026-05-13 15:55:39.757 [info] > git for-each-ref --sort -committerdate --format %(refname)%00%(objectname)%00%(*objectname) [3ms]
2026-05-13 15:55:39.771 [info] > git status -z -uall [34ms]
2026-05-13 15:55:44.795 [info] > git config --get commit.template [11ms]
2026-05-13 15:55:44.796 [info] > git for-each-ref --format=%(refname)%00%(upstream:short)%00%(objectname)%00%(upstream:track)%00%(upstream:remotename)%00%(upstream:remoteref) refs/heads/main refs/remotes/main [3ms]
2026-05-13 15:55:44.824 [info] > git for-each-ref --sort -committerdate --format %(refname)%00%(objectname)%00%(*objectname) [4ms]
2026-05-13 15:55:44.828 [info] > git status -z -uall [23ms]
2026-05-13 15:55:49.852 [info] > git config --get commit.template [12ms]
2026-05-13 15:55:49.853 [info] > git for-each-ref --format=%(refname)%00%(upstream:short)%00%(objectname)%00%(upstream:track)%00%(upstream:remotename)%00%(upstream:remoteref) refs/heads/main refs/remotes/main [3ms]
2026-05-13 15:55:49.879 [info] > git for-each-ref --sort -committerdate --format %(refname)%00%(objectname)%00%(*objectname) [3ms]
2026-05-13 15:55:49.889 [info] > git status -z -uall [27ms]
2026-05-13 15:55:54.913 [info] > git config --get commit.template [10ms]
2026-05-13 15:55:54.915 [info] > git for-each-ref --format=%(refname)%00%(upstream:short)%00%(objectname)%00%(upstream:track)%00%(upstream:remotename)%00%(upstream:remoteref) refs/heads/main refs/remotes/main [3ms]
2026-05-13 15:55:54.938 [info] > git for-each-ref --sort -committerdate --format %(refname)%00%(objectname)%00%(*objectname) [4ms]
2026-05-13 15:55:54.943 [info] > git status -z -uall [21ms]
2026-05-13 15:55:59.967 [info] > git config --get commit.template [11ms]
2026-05-13 15:55:59.969 [info] > git for-each-ref --format=%(refname)%00%(upstream:short)%00%(objectname)%00%(upstream:track)%00%(upstream:remotename)%00%(upstream:remoteref) refs/heads/main refs/remotes/main [3ms]
2026-05-13 15:55:59.994 [info] > git for-each-ref --sort -committerdate --format %(refname)%00%(objectname)%00%(*objectname) [3ms]
2026-05-13 15:56:00.001 [info] > git status -z -uall [24ms]
2026-05-13 15:56:05.025 [info] > git config --get commit.template [11ms]
2026-05-13 15:56:05.027 [info] > git for-each-ref --format=%(refname)%00%(upstream:short)%00%(objectname)%00%(upstream:track)%00%(upstream:remotename)%00%(upstream:remoteref) refs/heads/main refs/remotes/main [3ms]
2026-05-13 15:56:05.060 [info] > git for-each-ref --sort -committerdate --format %(refname)%00%(objectname)%00%(*objectname) [4ms]
2026-05-13 15:56:05.065 [info] > git status -z -uall [22ms]
2026-05-13 15:56:10.082 [info] > git config --get commit.template [2ms]
2026-05-13 15:56:10.095 [info] > git for-each-ref --format=%(refname)%00%(upstream:short)%00%(objectname)%00%(upstream:track)%00%(upstream:remotename)%00%(upstream:remoteref) refs/heads/main refs/remotes/main [5ms]
2026-05-13 15:56:10.119 [info] > git for-each-ref --sort -committerdate --format %(refname)%00%(objectname)%00%(*objectname) [5ms]
2026-05-13 15:56:10.124 [info] > git status -z -uall [21ms]
2026-05-13 15:56:15.150 [info] > git config --get commit.template [11ms]
2026-05-13 15:56:15.151 [info] > git for-each-ref --format=%(refname)%00%(upstream:short)%00%(objectname)%00%(upstream:track)%00%(upstream:remotename)%00%(upstream:remoteref) refs/heads/main refs/remotes/main [3ms]
2026-05-13 15:56:15.180 [info] > git for-each-ref --sort -committerdate --format %(refname)%00%(objectname)%00%(*objectname) [2ms]
2026-05-13 15:56:15.185 [info] > git status -z -uall [21ms]
2026-05-13 15:56:20.212 [info] > git config --get commit.template [11ms]
2026-05-13 15:56:20.213 [info] > git for-each-ref --format=%(refname)%00%(upstream:short)%00%(objectname)%00%(upstream:track)%00%(upstream:remotename)%00%(upstream:remoteref) refs/heads/main refs/remotes/main [2ms]
2026-05-13 15:56:20.251 [info] > git status -z -uall [25ms]
2026-05-13 15:56:20.253 [info] > git for-each-ref --sort -committerdate --format %(refname)%00%(objectname)%00%(*objectname) [9ms]
2026-05-13 15:56:25.270 [info] > git config --get commit.template [5ms]
2026-05-13 15:56:25.282 [info] > git for-each-ref --format=%(refname)%00%(upstream:short)%00%(objectname)%00%(upstream:track)%00%(upstream:remotename)%00%(upstream:remoteref) refs/heads/main refs/remotes/main [3ms]
2026-05-13 15:56:25.308 [info] > git for-each-ref --sort -committerdate --format %(refname)%00%(objectname)%00%(*objectname) [5ms]
2026-05-13 15:56:25.312 [info] > git status -z -uall [22ms]
2026-05-13 15:56:30.336 [info] > git config --get commit.template [10ms]
2026-05-13 15:56:30.338 [info] > git for-each-ref --format=%(refname)%00%(upstream:short)%00%(objectname)%00%(upstream:track)%00%(upstream:remotename)%00%(upstream:remoteref) refs/heads/main refs/remotes/main [4ms]
2026-05-13 15:56:30.359 [info] > git for-each-ref --sort -committerdate --format %(refname)%00%(objectname)%00%(*objectname) [3ms]
2026-05-13 15:56:30.365 [info] > git status -z -uall [20ms]
2026-05-13 15:56:32.740 [info] > git check-ignore -v -z --stdin [3ms]
2026-05-13 15:56:35.388 [info] > git config --get commit.template [11ms]
2026-05-13 15:56:35.390 [info] > git for-each-ref --format=%(refname)%00%(upstream:short)%00%(objectname)%00%(upstream:track)%00%(upstream:remotename)%00%(upstream:remoteref) refs/heads/main refs/remotes/main [3ms]
2026-05-13 15:56:35.416 [info] > git for-each-ref --sort -committerdate --format %(refname)%00%(objectname)%00%(*objectname) [5ms]
2026-05-13 15:56:35.421 [info] > git status -z -uall [22ms]
2026-05-13 15:56:42.960 [info] > git config --get commit.template [14ms]
2026-05-13 15:56:42.964 [info] > git for-each-ref --format=%(refname)%00%(upstream:short)%00%(objectname)%00%(upstream:track)%00%(upstream:remotename)%00%(upstream:remoteref) refs/heads/main refs/remotes/main [5ms]
2026-05-13 15:56:42.999 [info] > git for-each-ref --sort -committerdate --format %(refname)%00%(objectname)%00%(*objectname) [3ms]
2026-05-13 15:56:43.014 [info] > git status -z -uall [39ms]
2026-05-13 15:56:48.038 [info] > git config --get commit.template [10ms]
2026-05-13 15:56:48.040 [info] > git for-each-ref --format=%(refname)%00%(upstream:short)%00%(objectname)%00%(upstream:track)%00%(upstream:remotename)%00%(upstream:remoteref) refs/heads/main refs/remotes/main [2ms]
2026-05-13 15:56:48.068 [info] > git for-each-ref --sort -committerdate --format %(refname)%00%(objectname)%00%(*objectname) [6ms]
2026-05-13 15:56:48.071 [info] > git status -z -uall [22ms]
2026-05-13 15:56:53.088 [info] > git config --get commit.template [3ms]
2026-05-13 15:56:53.099 [info] > git for-each-ref --format=%(refname)%00%(upstream:short)%00%(objectname)%00%(upstream:track)%00%(upstream:remotename)%00%(upstream:remoteref) refs/heads/main refs/remotes/main [2ms]
2026-05-13 15:56:53.122 [info] > git for-each-ref --sort -committerdate --format %(refname)%00%(objectname)%00%(*objectname) [4ms]
2026-05-13 15:56:53.128 [info] > git status -z -uall [21ms]
2026-05-13 15:56:58.147 [info] > git config --get commit.template [9ms]
2026-05-13 15:56:58.148 [info] > git for-each-ref --format=%(refname)%00%(upstream:short)%00%(objectname)%00%(upstream:track)%00%(upstream:remotename)%00%(upstream:remoteref) refs/heads/main refs/remotes/main [2ms]
2026-05-13 15:56:58.169 [info] > git for-each-ref --sort -committerdate --format %(refname)%00%(objectname)%00%(*objectname) [3ms]
2026-05-13 15:56:58.175 [info] > git status -z -uall [20ms]
2026-05-13 15:57:03.198 [info] > git config --get commit.template [10ms]
2026-05-13 15:57:03.200 [info] > git for-each-ref --format=%(refname)%00%(upstream:short)%00%(objectname)%00%(upstream:track)%00%(upstream:remotename)%00%(upstream:remoteref) refs/heads/main refs/remotes/main [3ms]
2026-05-13 15:57:03.237 [info] > git status -z -uall [27ms]
2026-05-13 15:57:03.238 [info] > git for-each-ref --sort -committerdate --format %(refname)%00%(objectname)%00%(*objectname) [9ms]
2026-05-13 15:57:06.151 [info] > git check-ignore -v -z --stdin [3ms]
2026-05-13 15:57:08.264 [info] > git config --get commit.template [11ms]
2026-05-13 15:57:08.268 [info] > git for-each-ref --format=%(refname)%00%(upstream:short)%00%(objectname)%00%(upstream:track)%00%(upstream:remotename)%00%(upstream:remoteref) refs/heads/main refs/remotes/main [5ms]
2026-05-13 15:57:08.293 [info] > git for-each-ref --sort -committerdate --format %(refname)%00%(objectname)%00%(*objectname) [4ms]
2026-05-13 15:57:08.298 [info] > git status -z -uall [22ms]
2026-05-13 15:57:11.828 [info] > git check-ignore -v -z --stdin [4ms]
2026-05-13 15:57:13.327 [info] > git for-each-ref --format=%(refname)%00%(upstream:short)%00%(objectname)%00%(upstream:track)%00%(upstream:remotename)%00%(upstream:remoteref) refs/heads/main refs/remotes/main [4ms]
2026-05-13 15:57:13.328 [info] > git config --get commit.template [16ms]
2026-05-13 15:57:13.353 [info] > git for-each-ref --sort -committerdate --format %(refname)%00%(objectname)%00%(*objectname) [4ms]
2026-05-13 15:57:13.358 [info] > git status -z -uall [22ms]
2026-05-13 15:57:18.381 [info] > git config --get commit.template [11ms]
2026-05-13 15:57:18.383 [info] > git for-each-ref --format=%(refname)%00%(upstream:short)%00%(objectname)%00%(upstream:track)%00%(upstream:remotename)%00%(upstream:remoteref) refs/heads/main refs/remotes/main [3ms]
2026-05-13 15:57:18.410 [info] > git for-each-ref --sort -committerdate --format %(refname)%00%(objectname)%00%(*objectname) [6ms]
2026-05-13 15:57:18.413 [info] > git status -z -uall [22ms]
2026-05-13 15:57:23.435 [info] > git config --get commit.template [9ms]
2026-05-13 15:57:23.436 [info] > git for-each-ref --format=%(refname)%00%(upstream:short)%00%(objectname)%00%(upstream:track)%00%(upstream:remotename)%00%(upstream:remoteref) refs/heads/main refs/remotes/main [3ms]
2026-05-13 15:57:23.457 [info] > git for-each-ref --sort -committerdate --format %(refname)%00%(objectname)%00%(*objectname) [4ms]
2026-05-13 15:57:23.462 [info] > git status -z -uall [19ms]
2026-05-13 15:57:28.478 [info] > git config --get commit.template [4ms]
2026-05-13 15:57:28.490 [info] > git for-each-ref --format=%(refname)%00%(upstream:short)%00%(objectname)%00%(upstream:track)%00%(upstream:remotename)%00%(upstream:remoteref) refs/heads/main refs/remotes/main [3ms]
2026-05-13 15:57:28.518 [info] > git for-each-ref --sort -committerdate --format %(refname)%00%(objectname)%00%(*objectname) [6ms]
2026-05-13 15:57:28.524 [info] > git status -z -uall [26ms]
2026-05-13 15:57:33.546 [info] > git config --get commit.template [10ms]
2026-05-13 15:57:33.548 [info] > git for-each-ref --format=%(refname)%00%(upstream:short)%00%(objectname)%00%(upstream:track)%00%(upstream:remotename)%00%(upstream:remoteref) refs/heads/main refs/remotes/main [3ms]
2026-05-13 15:57:33.573 [info] > git for-each-ref --sort -committerdate --format %(refname)%00%(objectname)%00%(*objectname) [4ms]
2026-05-13 15:57:33.578 [info] > git status -z -uall [22ms]
2026-05-13 15:57:38.601 [info] > git config --get commit.template [10ms]
2026-05-13 15:57:38.602 [info] > git for-each-ref --format=%(refname)%00%(upstream:short)%00%(objectname)%00%(upstream:track)%00%(upstream:remotename)%00%(upstream:remoteref) refs/heads/main refs/remotes/main [3ms]
2026-05-13 15:57:38.626 [info] > git for-each-ref --sort -committerdate --format %(refname)%00%(objectname)%00%(*objectname) [5ms]
2026-05-13 15:57:38.631 [info] > git status -z -uall [21ms]
2026-05-13 15:57:43.648 [info] > git config --get commit.template [4ms]
2026-05-13 15:57:43.659 [info] > git for-each-ref --format=%(refname)%00%(upstream:short)%00%(objectname)%00%(upstream:track)%00%(upstream:remotename)%00%(upstream:remoteref) refs/heads/main refs/remotes/main [2ms]
2026-05-13 15:57:43.684 [info] > git for-each-ref --sort -committerdate --format %(refname)%00%(objectname)%00%(*objectname) [4ms]
2026-05-13 15:57:43.689 [info] > git status -z -uall [22ms]
2026-05-13 15:57:48.711 [info] > git config --get commit.template [9ms]
2026-05-13 15:57:48.712 [info] > git for-each-ref --format=%(refname)%00%(upstream:short)%00%(objectname)%00%(upstream:track)%00%(upstream:remotename)%00%(upstream:remoteref) refs/heads/main refs/remotes/main [3ms]
2026-05-13 15:57:48.737 [info] > git for-each-ref --sort -committerdate --format %(refname)%00%(objectname)%00%(*objectname) [5ms]
2026-05-13 15:57:48.742 [info] > git status -z -uall [20ms]
2026-05-13 15:57:53.763 [info] > git config --get commit.template [9ms]
2026-05-13 15:57:53.764 [info] > git for-each-ref --format=%(refname)%00%(upstream:short)%00%(objectname)%00%(upstream:track)%00%(upstream:remotename)%00%(upstream:remoteref) refs/heads/main refs/remotes/main [2ms]
2026-05-13 15:57:53.786 [info] > git for-each-ref --sort -committerdate --format %(refname)%00%(objectname)%00%(*objectname) [4ms]
2026-05-13 15:57:53.792 [info] > git status -z -uall [20ms]
2026-05-13 15:57:56.931 [info] > git check-ignore -v -z --stdin [3ms]
2026-05-13 15:57:58.815 [info] > git config --get commit.template [11ms]
2026-05-13 15:57:58.816 [info] > git for-each-ref --format=%(refname)%00%(upstream:short)%00%(objectname)%00%(upstream:track)%00%(upstream:remotename)%00%(upstream:remoteref) refs/heads/main refs/remotes/main [2ms]
2026-05-13 15:57:58.851 [info] > git status -z -uall [24ms]
2026-05-13 15:57:58.852 [info] > git for-each-ref --sort -committerdate --format %(refname)%00%(objectname)%00%(*objectname) [7ms]
2026-05-13 15:58:00.432 [info] > git check-ignore -v -z --stdin [9ms]
2026-05-13 15:58:00.580 [info] > git show --textconv :.vscode/settings.json [23ms]
2026-05-13 15:58:00.584 [info] > git ls-files --stage -- .vscode/settings.json [9ms]
2026-05-13 15:58:00.607 [info] > git cat-file -s 5607f561bb6461656ad1f49f8198e72998773bee [4ms]
2026-05-13 15:58:02.989 [info] > git check-ignore -v -z --stdin [7ms]
2026-05-13 15:58:03.872 [info] > git config --get commit.template [9ms]
2026-05-13 15:58:03.874 [info] > git for-each-ref --format=%(refname)%00%(upstream:short)%00%(objectname)%00%(upstream:track)%00%(upstream:remotename)%00%(upstream:remoteref) refs/heads/main refs/remotes/main [3ms]
2026-05-13 15:58:03.896 [info] > git for-each-ref --sort -committerdate --format %(refname)%00%(objectname)%00%(*objectname) [4ms]
2026-05-13 15:58:03.907 [info] > git status -z -uall [26ms]
2026-05-13 15:58:04.480 [info] > git check-ignore -v -z --stdin [2ms]
2026-05-13 15:58:05.130 [info] > git check-ignore -v -z --stdin [3ms]
2026-05-13 15:58:08.155 [info] > git check-ignore -v -z --stdin [2ms]
2026-05-13 15:58:08.928 [info] > git config --get commit.template [10ms]
2026-05-13 15:58:08.930 [info] > git for-each-ref --format=%(refname)%00%(upstream:short)%00%(objectname)%00%(upstream:track)%00%(upstream:remotename)%00%(upstream:remoteref) refs/heads/main refs/remotes/main [3ms]
2026-05-13 15:58:08.954 [info] > git for-each-ref --sort -committerdate --format %(refname)%00%(objectname)%00%(*objectname) [3ms]
2026-05-13 15:58:08.962 [info] > git status -z -uall [21ms]
2026-05-13 15:58:09.520 [info] > git check-ignore -v -z --stdin [2ms]
2026-05-13 15:58:13.980 [info] > git config --get commit.template [4ms]
2026-05-13 15:58:13.991 [info] > git for-each-ref --format=%(refname)%00%(upstream:short)%00%(objectname)%00%(upstream:track)%00%(upstream:remotename)%00%(upstream:remoteref) refs/heads/main refs/remotes/main [2ms]
2026-05-13 15:58:14.013 [info] > git for-each-ref --sort -committerdate --format %(refname)%00%(objectname)%00%(*objectname) [4ms]
2026-05-13 15:58:14.022 [info] > git status -z -uall [23ms]
2026-05-13 15:58:14.519 [info] > git check-ignore -v -z --stdin [2ms]
2026-05-13 15:58:19.044 [info] > git config --get commit.template [11ms]
2026-05-13 15:58:19.046 [info] > git for-each-ref --format=%(refname)%00%(upstream:short)%00%(objectname)%00%(upstream:track)%00%(upstream:remotename)%00%(upstream:remoteref) refs/heads/main refs/remotes/main [3ms]
2026-05-13 15:58:19.071 [info] > git for-each-ref --sort -committerdate --format %(refname)%00%(objectname)%00%(*objectname) [4ms]
2026-05-13 15:58:19.077 [info] > git status -z -uall [21ms]
2026-05-13 15:58:24.097 [info] > git config --get commit.template [10ms]
2026-05-13 15:58:24.098 [info] > git for-each-ref --format=%(refname)%00%(upstream:short)%00%(objectname)%00%(upstream:track)%00%(upstream:remotename)%00%(upstream:remoteref) refs/heads/main refs/remotes/main [2ms]
2026-05-13 15:58:24.122 [info] > git for-each-ref --sort -committerdate --format %(refname)%00%(objectname)%00%(*objectname) [4ms]
2026-05-13 15:58:24.127 [info] > git status -z -uall [20ms]
2026-05-13 15:58:29.141 [info] > git config --get commit.template [3ms]
2026-05-13 15:58:29.151 [info] > git for-each-ref --format=%(refname)%00%(upstream:short)%00%(objectname)%00%(upstream:track)%00%(upstream:remotename)%00%(upstream:remoteref) refs/heads/main refs/remotes/main [2ms]
2026-05-13 15:58:29.174 [info] > git for-each-ref --sort -committerdate --format %(refname)%00%(objectname)%00%(*objectname) [4ms]
2026-05-13 15:58:29.179 [info] > git status -z -uall [21ms]
2026-05-13 15:58:34.208 [info] > git config --get commit.template [12ms]
2026-05-13 15:58:34.210 [info] > git for-each-ref --format=%(refname)%00%(upstream:short)%00%(objectname)%00%(upstream:track)%00%(upstream:remotename)%00%(upstream:remoteref) refs/heads/main refs/remotes/main [3ms]
2026-05-13 15:58:34.235 [info] > git for-each-ref --sort -committerdate --format %(refname)%00%(objectname)%00%(*objectname) [4ms]
2026-05-13 15:58:34.243 [info] > git status -z -uall [23ms]
2026-05-13 15:58:39.263 [info] > git config --get commit.template [9ms]
2026-05-13 15:58:39.264 [info] > git for-each-ref --format=%(refname)%00%(upstream:short)%00%(objectname)%00%(upstream:track)%00%(upstream:remotename)%00%(upstream:remoteref) refs/heads/main refs/remotes/main [3ms]
2026-05-13 15:58:39.286 [info] > git for-each-ref --sort -committerdate --format %(refname)%00%(objectname)%00%(*objectname) [3ms]
2026-05-13 15:58:39.292 [info] > git status -z -uall [21ms]
2026-05-13 15:58:44.317 [info] > git config --get commit.template [12ms]
2026-05-13 15:58:44.318 [info] > git for-each-ref --format=%(refname)%00%(upstream:short)%00%(objectname)%00%(upstream:track)%00%(upstream:remotename)%00%(upstream:remoteref) refs/heads/main refs/remotes/main [3ms]
2026-05-13 15:58:44.346 [info] > git for-each-ref --sort -committerdate --format %(refname)%00%(objectname)%00%(*objectname) [4ms]
2026-05-13 15:58:44.352 [info] > git status -z -uall [25ms]
2026-05-13 15:58:52.910 [info] > git config --get commit.template [12ms]
2026-05-13 15:58:52.912 [info] > git for-each-ref --format=%(refname)%00%(upstream:short)%00%(objectname)%00%(upstream:track)%00%(upstream:remotename)%00%(upstream:remoteref) refs/heads/main refs/remotes/main [3ms]
2026-05-13 15:58:52.957 [info] > git status -z -uall [38ms]
2026-05-13 15:58:52.958 [info] > git for-each-ref --sort -committerdate --format %(refname)%00%(objectname)%00%(*objectname) [7ms]
2026-05-13 15:58:57.985 [info] > git config --get commit.template [12ms]
2026-05-13 15:58:57.987 [info] > git for-each-ref --format=%(refname)%00%(upstream:short)%00%(objectname)%00%(upstream:track)%00%(upstream:remotename)%00%(upstream:remoteref) refs/heads/main refs/remotes/main [3ms]
2026-05-13 15:58:58.015 [info] > git for-each-ref --sort -committerdate --format %(refname)%00%(objectname)%00%(*objectname) [5ms]
2026-05-13 15:58:58.021 [info] > git status -z -uall [23ms]
2026-05-13 15:59:03.044 [info] > git config --get commit.template [4ms]
2026-05-13 15:59:03.055 [info] > git for-each-ref --format=%(refname)%00%(upstream:short)%00%(objectname)%00%(upstream:track)%00%(upstream:remotename)%00%(upstream:remoteref) refs/heads/main refs/remotes/main [3ms]
2026-05-13 15:59:03.078 [info] > git for-each-ref --sort -committerdate --format %(refname)%00%(objectname)%00%(*objectname) [5ms]
2026-05-13 15:59:03.084 [info] > git status -z -uall [22ms]
2026-05-13 15:59:08.104 [info] > git config --get commit.template [10ms]
2026-05-13 15:59:08.105 [info] > git for-each-ref --format=%(refname)%00%(upstream:short)%00%(objectname)%00%(upstream:track)%00%(upstream:remotename)%00%(upstream:remoteref) refs/heads/main refs/remotes/main [2ms]
2026-05-13 15:59:08.129 [info] > git for-each-ref --sort -committerdate --format %(refname)%00%(objectname)%00%(*objectname) [6ms]
2026-05-13 15:59:08.133 [info] > git status -z -uall [21ms]
2026-05-13 15:59:13.158 [info] > git config --get commit.template [11ms]
2026-05-13 15:59:13.160 [info] > git for-each-ref --format=%(refname)%00%(upstream:short)%00%(objectname)%00%(upstream:track)%00%(upstream:remotename)%00%(upstream:remoteref) refs/heads/main refs/remotes/main [3ms]
2026-05-13 15:59:13.186 [info] > git for-each-ref --sort -committerdate --format %(refname)%00%(objectname)%00%(*objectname) [5ms]
2026-05-13 15:59:13.191 [info] > git status -z -uall [22ms]
2026-05-13 15:59:18.217 [info] > git config --get commit.template [14ms]
2026-05-13 15:59:18.218 [info] > git for-each-ref --format=%(refname)%00%(upstream:short)%00%(objectname)%00%(upstream:track)%00%(upstream:remotename)%00%(upstream:remoteref) refs/heads/main refs/remotes/main [4ms]
2026-05-13 15:59:18.244 [info] > git for-each-ref --sort -committerdate --format %(refname)%00%(objectname)%00%(*objectname) [4ms]
2026-05-13 15:59:18.249 [info] > git status -z -uall [22ms]
2026-05-13 15:59:23.269 [info] > git config --get commit.template [9ms]
2026-05-13 15:59:23.271 [info] > git for-each-ref --format=%(refname)%00%(upstream:short)%00%(objectname)%00%(upstream:track)%00%(upstream:remotename)%00%(upstream:remoteref) refs/heads/main refs/remotes/main [3ms]
2026-05-13 15:59:23.293 [info] > git for-each-ref --sort -committerdate --format %(refname)%00%(objectname)%00%(*objectname) [3ms]
2026-05-13 15:59:23.301 [info] > git status -z -uall [22ms]
2026-05-13 15:59:28.322 [info] > git config --get commit.template [9ms]
2026-05-13 15:59:28.324 [info] > git for-each-ref --format=%(refname)%00%(upstream:short)%00%(objectname)%00%(upstream:track)%00%(upstream:remotename)%00%(upstream:remoteref) refs/heads/main refs/remotes/main [3ms]
2026-05-13 15:59:28.346 [info] > git for-each-ref --sort -committerdate --format %(refname)%00%(objectname)%00%(*objectname) [4ms]
2026-05-13 15:59:28.352 [info] > git status -z -uall [20ms]
2026-05-13 15:59:33.368 [info] > git config --get commit.template [3ms]
2026-05-13 15:59:33.382 [info] > git for-each-ref --format=%(refname)%00%(upstream:short)%00%(objectname)%00%(upstream:track)%00%(upstream:remotename)%00%(upstream:remoteref) refs/heads/main refs/remotes/main [5ms]
2026-05-13 15:59:33.406 [info] > git for-each-ref --sort -committerdate --format %(refname)%00%(objectname)%00%(*objectname) [3ms]
2026-05-13 15:59:33.413 [info] > git status -z -uall [23ms]
2026-05-13 15:59:38.447 [info] > git config --get commit.template [17ms]
2026-05-13 15:59:38.450 [info] > git for-each-ref --format=%(refname)%00%(upstream:short)%00%(objectname)%00%(upstream:track)%00%(upstream:remotename)%00%(upstream:remoteref) refs/heads/main refs/remotes/main [4ms]
2026-05-13 15:59:38.494 [info] > git for-each-ref --sort -committerdate --format %(refname)%00%(objectname)%00%(*objectname) [5ms]
2026-05-13 15:59:38.501 [info] > git status -z -uall [37ms]
2026-05-13 15:59:43.535 [info] > git config --get commit.template [12ms]
2026-05-13 15:59:43.539 [info] > git for-each-ref --format=%(refname)%00%(upstream:short)%00%(objectname)%00%(upstream:track)%00%(upstream:remotename)%00%(upstream:remoteref) refs/heads/main refs/remotes/main [5ms]
2026-05-13 15:59:43.573 [info] > git for-each-ref --sort -committerdate --format %(refname)%00%(objectname)%00%(*objectname) [5ms]
2026-05-13 15:59:43.585 [info] > git status -z -uall [33ms]
2026-05-13 15:59:48.604 [info] > git config --get commit.template [3ms]
2026-05-13 15:59:48.619 [info] > git for-each-ref --format=%(refname)%00%(upstream:short)%00%(objectname)%00%(upstream:track)%00%(upstream:remotename)%00%(upstream:remoteref) refs/heads/main refs/remotes/main [3ms]
2026-05-13 15:59:48.664 [info] > git for-each-ref --sort -committerdate --format %(refname)%00%(objectname)%00%(*objectname) [8ms]
2026-05-13 15:59:48.679 [info] > git status -z -uall [48ms]
2026-05-13 15:59:53.694 [info] > git config --get commit.template [3ms]
2026-05-13 15:59:53.706 [info] > git for-each-ref --format=%(refname)%00%(upstream:short)%00%(objectname)%00%(upstream:track)%00%(upstream:remotename)%00%(upstream:remoteref) refs/heads/main refs/remotes/main [3ms]
2026-05-13 15:59:53.727 [info] > git for-each-ref --sort -committerdate --format %(refname)%00%(objectname)%00%(*objectname) [3ms]
2026-05-13 15:59:53.734 [info] > git status -z -uall [20ms]
2026-05-13 15:59:58.748 [info] > git config --get commit.template [3ms]
2026-05-13 15:59:58.758 [info] > git for-each-ref --format=%(refname)%00%(upstream:short)%00%(objectname)%00%(upstream:track)%00%(upstream:remotename)%00%(upstream:remoteref) refs/heads/main refs/remotes/main [3ms]
2026-05-13 15:59:58.779 [info] > git for-each-ref --sort -committerdate --format %(refname)%00%(objectname)%00%(*objectname) [3ms]
2026-05-13 15:59:58.785 [info] > git status -z -uall [20ms]
2026-05-13 16:00:03.808 [info] > git config --get commit.template [11ms]
2026-05-13 16:00:03.810 [info] > git for-each-ref --format=%(refname)%00%(upstream:short)%00%(objectname)%00%(upstream:track)%00%(upstream:remotename)%00%(upstream:remoteref) refs/heads/main refs/remotes/main [4ms]
2026-05-13 16:00:03.837 [info] > git for-each-ref --sort -committerdate --format %(refname)%00%(objectname)%00%(*objectname) [4ms]
2026-05-13 16:00:03.841 [info] > git status -z -uall [21ms]
2026-05-13 16:00:08.854 [info] > git config --get commit.template [2ms]
2026-05-13 16:00:08.864 [info] > git for-each-ref --format=%(refname)%00%(upstream:short)%00%(objectname)%00%(upstream:track)%00%(upstream:remotename)%00%(upstream:remoteref) refs/heads/main refs/remotes/main [3ms]
2026-05-13 16:00:08.888 [info] > git for-each-ref --sort -committerdate --format %(refname)%00%(objectname)%00%(*objectname) [5ms]
2026-05-13 16:00:08.898 [info] > git status -z -uall [26ms]
2026-05-13 16:00:13.919 [info] > git config --get commit.template [10ms]
2026-05-13 16:00:13.921 [info] > git for-each-ref --format=%(refname)%00%(upstream:short)%00%(objectname)%00%(upstream:track)%00%(upstream:remotename)%00%(upstream:remoteref) refs/heads/main refs/remotes/main [3ms]
2026-05-13 16:00:13.946 [info] > git for-each-ref --sort -committerdate --format %(refname)%00%(objectname)%00%(*objectname) [3ms]
2026-05-13 16:00:13.952 [info] > git status -z -uall [23ms]
2026-05-13 16:00:18.977 [info] > git config --get commit.template [12ms]
2026-05-13 16:00:18.978 [info] > git for-each-ref --format=%(refname)%00%(upstream:short)%00%(objectname)%00%(upstream:track)%00%(upstream:remotename)%00%(upstream:remoteref) refs/heads/main refs/remotes/main [3ms]
2026-05-13 16:00:19.006 [info] > git for-each-ref --sort -committerdate --format %(refname)%00%(objectname)%00%(*objectname) [4ms]
2026-05-13 16:00:19.011 [info] > git status -z -uall [23ms]
2026-05-13 16:00:24.034 [info] > git config --get commit.template [10ms]
2026-05-13 16:00:24.035 [info] > git for-each-ref --format=%(refname)%00%(upstream:short)%00%(objectname)%00%(upstream:track)%00%(upstream:remotename)%00%(upstream:remoteref) refs/heads/main refs/remotes/main [2ms]
2026-05-13 16:00:24.060 [info] > git for-each-ref --sort -committerdate --format %(refname)%00%(objectname)%00%(*objectname) [6ms]
2026-05-13 16:00:24.064 [info] > git status -z -uall [21ms]
2026-05-13 16:00:29.094 [info] > git for-each-ref --format=%(refname)%00%(upstream:short)%00%(objectname)%00%(upstream:track)%00%(upstream:remotename)%00%(upstream:remoteref) refs/heads/main refs/remotes/main [4ms]
2026-05-13 16:00:29.094 [info] > git config --get commit.template [16ms]
2026-05-13 16:00:29.130 [info] > git for-each-ref --sort -committerdate --format %(refname)%00%(objectname)%00%(*objectname) [5ms]
2026-05-13 16:00:29.141 [info] > git status -z -uall [33ms]
2026-05-13 16:00:34.158 [info] > git config --get commit.template [4ms]
2026-05-13 16:00:34.169 [info] > git for-each-ref --format=%(refname)%00%(upstream:short)%00%(objectname)%00%(upstream:track)%00%(upstream:remotename)%00%(upstream:remoteref) refs/heads/main refs/remotes/main [3ms]
2026-05-13 16:00:34.194 [info] > git for-each-ref --sort -committerdate --format %(refname)%00%(objectname)%00%(*objectname) [3ms]
2026-05-13 16:00:34.199 [info] > git status -z -uall [22ms]
2026-05-13 16:00:47.251 [info] > git config --get commit.template [4ms]
2026-05-13 16:00:47.260 [info] [Git][getRemotes] No remotes found in the git config file
2026-05-13 16:00:47.263 [info] > git for-each-ref --format=%(refname)%00%(upstream:short)%00%(objectname)%00%(upstream:track)%00%(upstream:remotename)%00%(upstream:remoteref) refs/heads/main refs/remotes/main [3ms]
2026-05-13 16:00:47.290 [info] > git for-each-ref --sort -committerdate --format %(refname)%00%(objectname)%00%(*objectname) [5ms]
2026-05-13 16:00:47.294 [info] > git status -z -uall [22ms]
2026-05-13 16:00:52.314 [info] [Git][getRemotes] No remotes found in the git config file
2026-05-13 16:00:52.315 [info] > git config --get commit.template [10ms]
2026-05-13 16:00:52.317 [info] > git for-each-ref --format=%(refname)%00%(upstream:short)%00%(objectname)%00%(upstream:track)%00%(upstream:remotename)%00%(upstream:remoteref) refs/heads/main refs/remotes/main [3ms]
2026-05-13 16:00:52.338 [info] > git for-each-ref --sort -committerdate --format %(refname)%00%(objectname)%00%(*objectname) [3ms]
2026-05-13 16:00:52.346 [info] > git status -z -uall [22ms]
2026-05-13 16:00:57.361 [info] > git config --get commit.template [2ms]
2026-05-13 16:00:57.371 [info] > git for-each-ref --format=%(refname)%00%(upstream:short)%00%(objectname)%00%(upstream:track)%00%(upstream:remotename)%00%(upstream:remoteref) refs/heads/main refs/remotes/main [3ms]
2026-05-13 16:00:57.392 [info] > git for-each-ref --sort -committerdate --format %(refname)%00%(objectname)%00%(*objectname) [3ms]
2026-05-13 16:00:57.398 [info] > git status -z -uall [20ms]
2026-05-13 16:01:02.414 [info] > git config --get commit.template [4ms]
2026-05-13 16:01:02.426 [info] > git for-each-ref --format=%(refname)%00%(upstream:short)%00%(objectname)%00%(upstream:track)%00%(upstream:remotename)%00%(upstream:remoteref) refs/heads/main refs/remotes/main [2ms]
2026-05-13 16:01:02.452 [info] > git for-each-ref --sort -committerdate --format %(refname)%00%(objectname)%00%(*objectname) [3ms]
2026-05-13 16:01:02.459 [info] > git status -z -uall [24ms]
2026-05-13 16:01:07.489 [info] > git config --get commit.template [14ms]
2026-05-13 16:01:07.493 [info] > git for-each-ref --format=%(refname)%00%(upstream:short)%00%(objectname)%00%(upstream:track)%00%(upstream:remotename)%00%(upstream:remoteref) refs/heads/main refs/remotes/main [5ms]
2026-05-13 16:01:07.530 [info] > git for-each-ref --sort -committerdate --format %(refname)%00%(objectname)%00%(*objectname) [5ms]
2026-05-13 16:01:07.535 [info] > git status -z -uall [30ms]
2026-05-13 16:01:12.555 [info] > git config --get commit.template [5ms]
2026-05-13 16:01:12.578 [info] > git for-each-ref --format=%(refname)%00%(upstream:short)%00%(objectname)%00%(upstream:track)%00%(upstream:remotename)%00%(upstream:remoteref) refs/heads/main refs/remotes/main [6ms]
2026-05-13 16:01:12.608 [info] > git for-each-ref --sort -committerdate --format %(refname)%00%(objectname)%00%(*objectname) [4ms]
2026-05-13 16:01:12.622 [info] > git status -z -uall [32ms]
2026-05-13 16:01:17.638 [info] > git config --get commit.template [2ms]
2026-05-13 16:01:17.651 [info] > git for-each-ref --format=%(refname)%00%(upstream:short)%00%(objectname)%00%(upstream:track)%00%(upstream:remotename)%00%(upstream:remoteref) refs/heads/main refs/remotes/main [4ms]
2026-05-13 16:01:17.675 [info] > git for-each-ref --sort -committerdate --format %(refname)%00%(objectname)%00%(*objectname) [4ms]
2026-05-13 16:01:17.681 [info] > git status -z -uall [22ms]
2026-05-13 16:01:22.697 [info] > git config --get commit.template [3ms]
2026-05-13 16:01:22.707 [info] > git for-each-ref --format=%(refname)%00%(upstream:short)%00%(objectname)%00%(upstream:track)%00%(upstream:remotename)%00%(upstream:remoteref) refs/heads/main refs/remotes/main [2ms]
2026-05-13 16:01:22.728 [info] > git for-each-ref --sort -committerdate --format %(refname)%00%(objectname)%00%(*objectname) [3ms]
2026-05-13 16:01:22.735 [info] > git status -z -uall [22ms]
2026-05-13 16:01:27.749 [info] > git config --get commit.template [3ms]
2026-05-13 16:01:27.759 [info] > git for-each-ref --format=%(refname)%00%(upstream:short)%00%(objectname)%00%(upstream:track)%00%(upstream:remotename)%00%(upstream:remoteref) refs/heads/main refs/remotes/main [3ms]
2026-05-13 16:01:27.781 [info] > git for-each-ref --sort -committerdate --format %(refname)%00%(objectname)%00%(*objectname) [3ms]
2026-05-13 16:01:27.787 [info] > git status -z -uall [21ms]
2026-05-13 16:01:32.810 [info] > git config --get commit.template [10ms]
2026-05-13 16:01:32.812 [info] > git for-each-ref --format=%(refname)%00%(upstream:short)%00%(objectname)%00%(upstream:track)%00%(upstream:remotename)%00%(upstream:remoteref) refs/heads/main refs/remotes/main [4ms]
2026-05-13 16:01:32.846 [info] > git status -z -uall [26ms]
2026-05-13 16:01:32.849 [info] > git for-each-ref --sort -committerdate --format %(refname)%00%(objectname)%00%(*objectname) [10ms]
2026-05-13 16:01:37.864 [info] > git config --get commit.template [2ms]
2026-05-13 16:01:37.874 [info] > git for-each-ref --format=%(refname)%00%(upstream:short)%00%(objectname)%00%(upstream:track)%00%(upstream:remotename)%00%(upstream:remoteref) refs/heads/main refs/remotes/main [3ms]
2026-05-13 16:01:37.896 [info] > git for-each-ref --sort -committerdate --format %(refname)%00%(objectname)%00%(*objectname) [2ms]
2026-05-13 16:01:37.903 [info] > git status -z -uall [22ms]
2026-05-13 16:01:42.928 [info] > git config --get commit.template [13ms]
2026-05-13 16:01:42.929 [info] > git for-each-ref --format=%(refname)%00%(upstream:short)%00%(objectname)%00%(upstream:track)%00%(upstream:remotename)%00%(upstream:remoteref) refs/heads/main refs/remotes/main [3ms]
2026-05-13 16:01:42.971 [info] > git for-each-ref --sort -committerdate --format %(refname)%00%(objectname)%00%(*objectname) [7ms]
2026-05-13 16:01:42.983 [info] > git status -z -uall [41ms]
2026-05-13 16:01:48.006 [info] > git config --get commit.template [10ms]
2026-05-13 16:01:48.007 [info] > git for-each-ref --format=%(refname)%00%(upstream:short)%00%(objectname)%00%(upstream:track)%00%(upstream:remotename)%00%(upstream:remoteref) refs/heads/main refs/remotes/main [3ms]
2026-05-13 16:01:48.031 [info] > git for-each-ref --sort -committerdate --format %(refname)%00%(objectname)%00%(*objectname) [4ms]
2026-05-13 16:01:48.037 [info] > git status -z -uall [21ms]
2026-05-13 16:01:53.050 [info] > git config --get commit.template [3ms]
2026-05-13 16:01:53.063 [info] > git for-each-ref --format=%(refname)%00%(upstream:short)%00%(objectname)%00%(upstream:track)%00%(upstream:remotename)%00%(upstream:remoteref) refs/heads/main refs/remotes/main [3ms]
2026-05-13 16:01:53.087 [info] > git for-each-ref --sort -committerdate --format %(refname)%00%(objectname)%00%(*objectname) [6ms]
2026-05-13 16:01:53.093 [info] > git status -z -uall [23ms]
2026-05-13 16:01:58.106 [info] > git config --get commit.template [3ms]
2026-05-13 16:01:58.116 [info] > git for-each-ref --format=%(refname)%00%(upstream:short)%00%(objectname)%00%(upstream:track)%00%(upstream:remotename)%00%(upstream:remoteref) refs/heads/main refs/remotes/main [3ms]
2026-05-13 16:01:58.136 [info] > git for-each-ref --sort -committerdate --format %(refname)%00%(objectname)%00%(*objectname) [2ms]
2026-05-13 16:01:58.146 [info] > git status -z -uall [23ms]
2026-05-13 16:02:03.168 [info] > git config --get commit.template [11ms]
2026-05-13 16:02:03.170 [info] > git for-each-ref --format=%(refname)%00%(upstream:short)%00%(objectname)%00%(upstream:track)%00%(upstream:remotename)%00%(upstream:remoteref) refs/heads/main refs/remotes/main [3ms]
2026-05-13 16:02:03.195 [info] > git for-each-ref --sort -committerdate --format %(refname)%00%(objectname)%00%(*objectname) [3ms]
2026-05-13 16:02:03.202 [info] > git status -z -uall [24ms]
2026-05-13 16:02:08.222 [info] > git config --get commit.template [10ms]
2026-05-13 16:02:08.224 [info] > git for-each-ref --format=%(refname)%00%(upstream:short)%00%(objectname)%00%(upstream:track)%00%(upstream:remotename)%00%(upstream:remoteref) refs/heads/main refs/remotes/main [2ms]
2026-05-13 16:02:08.247 [info] > git for-each-ref --sort -committerdate --format %(refname)%00%(objectname)%00%(*objectname) [5ms]
2026-05-13 16:02:08.252 [info] > git status -z -uall [22ms]
2026-05-13 16:02:13.264 [warning] [Git][getHEAD] Failed to parse HEAD file: ENOENT: no such file or directory, open '/home/sunidhinaik_kpmg/.git/HEAD'
2026-05-13 16:02:13.274 [warning] [Git][getRemotes] Error: ENOENT: no such file or directory, open '/home/sunidhinaik_kpmg/.git/config'
2026-05-13 16:02:13.287 [info] > git config --get commit.template [5ms]
2026-05-13 16:02:13.288 [info] > git remote --verbose [14ms]
2026-05-13 16:02:13.288 [info] fatal: not a git repository (or any parent up to mount point /)
Stopping at filesystem boundary (GIT_DISCOVERY_ACROSS_FILESYSTEM not set).
2026-05-13 16:02:13.292 [info] > git symbolic-ref --short HEAD [28ms]
2026-05-13 16:02:13.292 [info] fatal: not a git repository (or any parent up to mount point /)
Stopping at filesystem boundary (GIT_DISCOVERY_ACROSS_FILESYSTEM not set).
2026-05-13 16:02:13.310 [warning] [Git][getHEAD] Failed to parse HEAD file: ENOENT: no such file or directory, open '/home/sunidhinaik_kpmg/.git/HEAD'
2026-05-13 16:02:13.319 [warning] [Git][getRemotes] Error: ENOENT: no such file or directory, open '/home/sunidhinaik_kpmg/.git/config'
2026-05-13 16:02:13.329 [info] > git remote --verbose [10ms]
2026-05-13 16:02:13.330 [info] fatal: not a git repository (or any parent up to mount point /)
Stopping at filesystem boundary (GIT_DISCOVERY_ACROSS_FILESYSTEM not set).
2026-05-13 16:02:13.333 [info] > git symbolic-ref --short HEAD [23ms]
2026-05-13 16:02:13.333 [info] fatal: not a git repository (or any parent up to mount point /)
Stopping at filesystem boundary (GIT_DISCOVERY_ACROSS_FILESYSTEM not set).
2026-05-13 16:02:13.344 [info] > git rev-parse HEAD [43ms]
2026-05-13 16:02:13.344 [info] fatal: not a git repository (or any parent up to mount point /)
Stopping at filesystem boundary (GIT_DISCOVERY_ACROSS_FILESYSTEM not set).
2026-05-13 16:02:13.347 [info] > git config --get commit.template [18ms]
2026-05-13 16:02:13.347 [info] > git rev-parse HEAD [3ms]
2026-05-13 16:02:13.347 [info] fatal: not a git repository (or any parent up to mount point /)
Stopping at filesystem boundary (GIT_DISCOVERY_ACROSS_FILESYSTEM not set).
2026-05-13 16:02:26.307 [info] > git rev-parse --show-toplevel [4ms]
2026-05-13 16:02:26.320 [info] > git rev-parse --git-dir --git-common-dir --show-superproject-working-tree [4ms]
2026-05-13 16:02:26.412 [info] [Model][openRepository] Opened repository (path): /home/sunidhinaik_kpmg
2026-05-13 16:02:26.412 [info] [Model][openRepository] Opened repository (real path): /home/sunidhinaik_kpmg
2026-05-13 16:02:26.412 [info] [Model][openRepository] Opened repository (kind): repository
2026-05-13 16:02:26.423 [info] > git config --get commit.template [3ms]
2026-05-13 16:02:26.430 [info] [Git][getRemotes] No remotes found in the git config file
2026-05-13 16:02:26.432 [info] > git for-each-ref --format=%(refname)%00%(upstream:short)%00%(objectname)%00%(upstream:track)%00%(upstream:remotename)%00%(upstream:remoteref) refs/heads/master refs/remotes/master [2ms]
2026-05-13 16:02:26.433 [warning] [Git][getBranch] No such branch: master
2026-05-13 16:02:26.450 [info] > git status -z -uall [10ms]
2026-05-13 16:02:26.452 [info] > git for-each-ref --sort -committerdate --format %(refname)%00%(objectname)%00%(*objectname) [3ms]
2026-05-13 16:02:26.479 [info] > git for-each-ref --format=%(refname)%00%(upstream:short)%00%(objectname)%00%(upstream:track)%00%(upstream:remotename)%00%(upstream:remoteref) refs/heads/master refs/remotes/master [13ms]
2026-05-13 16:02:26.479 [warning] [Git][getBranch] No such branch: master
2026-05-13 16:02:26.480 [error] [GitHistoryProvider][resolveHEADMergeBase] Failed to resolve merge base for master: Error: No such branch: master.
2026-05-13 16:02:26.481 [info] > git config --get commit.template [3ms]
2026-05-13 16:02:26.488 [info] [Git][getRemotes] No remotes found in the git config file
2026-05-13 16:02:26.491 [info] > git for-each-ref --format=%(refname)%00%(upstream:short)%00%(objectname)%00%(upstream:track)%00%(upstream:remotename)%00%(upstream:remoteref) refs/heads/master refs/remotes/master [3ms]
2026-05-13 16:02:26.491 [warning] [Git][getBranch] No such branch: master
2026-05-13 16:02:26.542 [info] > git status -z -uall [44ms]
2026-05-13 16:02:26.543 [info] > git for-each-ref --sort -committerdate --format %(refname)%00%(objectname)%00%(*objectname) [34ms]
2026-05-13 16:02:27.048 [info] > git check-ignore -v -z --stdin [2ms]
2026-05-13 16:02:29.231 [info] > git config --get commit.template [3ms]
2026-05-13 16:02:29.239 [info] [Git][getRemotes] No remotes found in the git config file
2026-05-13 16:02:29.241 [info] > git for-each-ref --format=%(refname)%00%(upstream:short)%00%(objectname)%00%(upstream:track)%00%(upstream:remotename)%00%(upstream:remoteref) refs/heads/master refs/remotes/master [3ms]
2026-05-13 16:02:29.242 [warning] [Git][getBranch] No such branch: master
2026-05-13 16:02:29.263 [info] > git status -z -uall [13ms]
2026-05-13 16:02:29.264 [info] > git for-each-ref --sort -committerdate --format %(refname)%00%(objectname)%00%(*objectname) [5ms]
2026-05-13 16:02:34.287 [info] [Git][getRemotes] No remotes found in the git config file
2026-05-13 16:02:34.288 [info] > git config --get commit.template [11ms]
2026-05-13 16:02:34.289 [info] > git for-each-ref --format=%(refname)%00%(upstream:short)%00%(objectname)%00%(upstream:track)%00%(upstream:remotename)%00%(upstream:remoteref) refs/heads/master refs/remotes/master [2ms]
2026-05-13 16:02:34.290 [warning] [Git][getBranch] No such branch: master
2026-05-13 16:02:34.312 [info] > git status -z -uall [14ms]
2026-05-13 16:02:34.313 [info] > git for-each-ref --sort -committerdate --format %(refname)%00%(objectname)%00%(*objectname) [4ms]
2026-05-13 16:02:42.812 [info] [Git][getRemotes] No remotes found in the git config file
2026-05-13 16:02:42.813 [info] > git config --get commit.template [12ms]
2026-05-13 16:02:42.814 [info] > git for-each-ref --format=%(refname)%00%(upstream:short)%00%(objectname)%00%(upstream:track)%00%(upstream:remotename)%00%(upstream:remoteref) refs/heads/master refs/remotes/master [3ms]
2026-05-13 16:02:42.814 [warning] [Git][getBranch] No such branch: master
2026-05-13 16:02:42.830 [info] > git status -z -uall [10ms]
2026-05-13 16:02:42.832 [info] > git for-each-ref --sort -committerdate --format %(refname)%00%(objectname)%00%(*objectname) [3ms]
2026-05-13 16:02:47.846 [info] [Git][getRemotes] No remotes found in the git config file
2026-05-13 16:02:47.855 [info] > git config --get commit.template [10ms]
2026-05-13 16:02:47.857 [info] > git for-each-ref --format=%(refname)%00%(upstream:short)%00%(objectname)%00%(upstream:track)%00%(upstream:remotename)%00%(upstream:remoteref) refs/heads/main refs/remotes/main [3ms]
2026-05-13 16:02:47.857 [warning] [Git][getBranch] No such branch: main
2026-05-13 16:02:47.873 [info] > git status -z -uall [9ms]
2026-05-13 16:02:47.875 [info] > git for-each-ref --sort -committerdate --format %(refname)%00%(objectname)%00%(*objectname) [3ms]
2026-05-13 16:02:47.888 [info] > git for-each-ref --format=%(refname)%00%(upstream:short)%00%(objectname)%00%(upstream:track)%00%(upstream:remotename)%00%(upstream:remoteref) refs/heads/main refs/remotes/main [2ms]
2026-05-13 16:02:47.888 [warning] [Git][getBranch] No such branch: main
2026-05-13 16:02:47.889 [error] [GitHistoryProvider][resolveHEADMergeBase] Failed to resolve merge base for main: Error: No such branch: main.
2026-05-13 16:02:52.905 [info] > git config --get commit.template [9ms]
2026-05-13 16:02:52.906 [info] > git for-each-ref --format=%(refname)%00%(upstream:short)%00%(objectname)%00%(upstream:track)%00%(upstream:remotename)%00%(upstream:remoteref) refs/heads/main refs/remotes/main [3ms]
2026-05-13 16:02:52.906 [warning] [Git][getBranch] No such branch: main
2026-05-13 16:02:52.922 [info] > git status -z -uall [9ms]
2026-05-13 16:02:52.927 [info] > git for-each-ref --sort -committerdate --format %(refname)%00%(objectname)%00%(*objectname) [5ms]
2026-05-13 16:02:57.942 [info] > git config --get commit.template [3ms]
2026-05-13 16:02:57.956 [info] > git for-each-ref --format=%(refname)%00%(upstream:short)%00%(objectname)%00%(upstream:track)%00%(upstream:remotename)%00%(upstream:remoteref) refs/heads/main refs/remotes/main [3ms]
2026-05-13 16:02:57.956 [warning] [Git][getBranch] No such branch: main
2026-05-13 16:02:57.980 [info] > git for-each-ref --sort -committerdate --format %(refname)%00%(objectname)%00%(*objectname) [4ms]
2026-05-13 16:02:57.985 [info] > git status -z -uall [18ms]
2026-05-13 16:03:03.010 [info] > git config --get commit.template [5ms]
2026-05-13 16:03:03.028 [info] > git for-each-ref --format=%(refname)%00%(upstream:short)%00%(objectname)%00%(upstream:track)%00%(upstream:remotename)%00%(upstream:remoteref) refs/heads/main refs/remotes/main [3ms]
2026-05-13 16:03:03.029 [warning] [Git][getBranch] No such branch: main
2026-05-13 16:03:03.058 [info] > git for-each-ref --sort -committerdate --format %(refname)%00%(objectname)%00%(*objectname) [6ms]
2026-05-13 16:03:03.062 [info] > git status -z -uall [23ms]
2026-05-13 16:03:08.086 [info] > git config --get commit.template [12ms]
2026-05-13 16:03:08.088 [info] > git for-each-ref --format=%(refname)%00%(upstream:short)%00%(objectname)%00%(upstream:track)%00%(upstream:remotename)%00%(upstream:remoteref) refs/heads/main refs/remotes/main [3ms]
2026-05-13 16:03:08.088 [warning] [Git][getBranch] No such branch: main
2026-05-13 16:03:08.116 [info] > git for-each-ref --sort -committerdate --format %(refname)%00%(objectname)%00%(*objectname) [5ms]
2026-05-13 16:03:08.120 [info] > git status -z -uall [23ms]
2026-05-13 16:03:13.140 [info] > git config --get commit.template [10ms]
2026-05-13 16:03:13.141 [info] > git for-each-ref --format=%(refname)%00%(upstream:short)%00%(objectname)%00%(upstream:track)%00%(upstream:remotename)%00%(upstream:remoteref) refs/heads/main refs/remotes/main [2ms]
2026-05-13 16:03:13.141 [warning] [Git][getBranch] No such branch: main
2026-05-13 16:03:13.164 [info] > git for-each-ref --sort -committerdate --format %(refname)%00%(objectname)%00%(*objectname) [5ms]
2026-05-13 16:03:13.169 [info] > git status -z -uall [21ms]
2026-05-13 16:03:18.184 [info] > git config --get commit.template [3ms]
2026-05-13 16:03:18.194 [info] > git for-each-ref --format=%(refname)%00%(upstream:short)%00%(objectname)%00%(upstream:track)%00%(upstream:remotename)%00%(upstream:remoteref) refs/heads/main refs/remotes/main [2ms]
2026-05-13 16:03:18.194 [warning] [Git][getBranch] No such branch: main
2026-05-13 16:03:18.219 [info] > git for-each-ref --sort -committerdate --format %(refname)%00%(objectname)%00%(*objectname) [4ms]
2026-05-13 16:03:18.224 [info] > git status -z -uall [22ms]
2026-05-13 16:03:23.247 [info] > git config --get commit.template [10ms]
2026-05-13 16:03:23.248 [info] > git for-each-ref --format=%(refname)%00%(upstream:short)%00%(objectname)%00%(upstream:track)%00%(upstream:remotename)%00%(upstream:remoteref) refs/heads/main refs/remotes/main [2ms]
2026-05-13 16:03:23.250 [warning] [Git][getBranch] No such branch: main
2026-05-13 16:03:23.270 [info] > git for-each-ref --sort -committerdate --format %(refname)%00%(objectname)%00%(*objectname) [2ms]
2026-05-13 16:03:23.276 [info] > git status -z -uall [19ms]
2026-05-13 16:03:28.297 [info] > git config --get commit.template [10ms]
2026-05-13 16:03:28.299 [info] > git for-each-ref --format=%(refname)%00%(upstream:short)%00%(objectname)%00%(upstream:track)%00%(upstream:remotename)%00%(upstream:remoteref) refs/heads/main refs/remotes/main [2ms]
2026-05-13 16:03:28.299 [warning] [Git][getBranch] No such branch: main
2026-05-13 16:03:28.320 [info] > git for-each-ref --sort -committerdate --format %(refname)%00%(objectname)%00%(*objectname) [2ms]
2026-05-13 16:03:28.325 [info] > git status -z -uall [19ms]
2026-05-13 16:03:33.348 [info] > git config --get commit.template [11ms]
2026-05-13 16:03:33.350 [info] > git for-each-ref --format=%(refname)%00%(upstream:short)%00%(objectname)%00%(upstream:track)%00%(upstream:remotename)%00%(upstream:remoteref) refs/heads/main refs/remotes/main [3ms]
2026-05-13 16:03:33.350 [warning] [Git][getBranch] No such branch: main
2026-05-13 16:03:33.374 [info] > git for-each-ref --sort -committerdate --format %(refname)%00%(objectname)%00%(*objectname) [4ms]
2026-05-13 16:03:33.380 [info] > git status -z -uall [21ms]
2026-05-13 16:03:38.394 [info] > git config --get commit.template [3ms]
2026-05-13 16:03:38.404 [info] > git for-each-ref --format=%(refname)%00%(upstream:short)%00%(objectname)%00%(upstream:track)%00%(upstream:remotename)%00%(upstream:remoteref) refs/heads/main refs/remotes/main [2ms]
2026-05-13 16:03:38.404 [warning] [Git][getBranch] No such branch: main
2026-05-13 16:03:38.425 [info] > git for-each-ref --sort -committerdate --format %(refname)%00%(objectname)%00%(*objectname) [3ms]
2026-05-13 16:03:38.431 [info] > git status -z -uall [19ms]
2026-05-13 16:03:43.454 [info] > git config --get commit.template [11ms]
2026-05-13 16:03:43.456 [info] > git for-each-ref --format=%(refname)%00%(upstream:short)%00%(objectname)%00%(upstream:track)%00%(upstream:remotename)%00%(upstream:remoteref) refs/heads/main refs/remotes/main [3ms]
2026-05-13 16:03:43.456 [warning] [Git][getBranch] No such branch: main
2026-05-13 16:03:43.486 [info] > git for-each-ref --sort -committerdate --format %(refname)%00%(objectname)%00%(*objectname) [6ms]
2026-05-13 16:03:43.489 [info] > git status -z -uall [24ms]
2026-05-13 16:03:48.509 [info] > git config --get commit.template [10ms]
2026-05-13 16:03:48.512 [info] > git for-each-ref --format=%(refname)%00%(upstream:short)%00%(objectname)%00%(upstream:track)%00%(upstream:remotename)%00%(upstream:remoteref) refs/heads/main refs/remotes/main [4ms]
2026-05-13 16:03:48.512 [warning] [Git][getBranch] No such branch: main
2026-05-13 16:03:48.533 [info] > git for-each-ref --sort -committerdate --format %(refname)%00%(objectname)%00%(*objectname) [2ms]
2026-05-13 16:03:48.538 [info] > git status -z -uall [19ms]
2026-05-13 16:03:53.552 [info] > git config --get commit.template [3ms]
2026-05-13 16:03:53.563 [info] > git for-each-ref --format=%(refname)%00%(upstream:short)%00%(objectname)%00%(upstream:track)%00%(upstream:remotename)%00%(upstream:remoteref) refs/heads/main refs/remotes/main [3ms]
2026-05-13 16:03:53.564 [warning] [Git][getBranch] No such branch: main
2026-05-13 16:03:53.584 [info] > git for-each-ref --sort -committerdate --format %(refname)%00%(objectname)%00%(*objectname) [3ms]
2026-05-13 16:03:53.590 [info] > git status -z -uall [20ms]
2026-05-13 16:03:58.606 [info] > git config --get commit.template [3ms]
2026-05-13 16:03:58.616 [info] > git for-each-ref --format=%(refname)%00%(upstream:short)%00%(objectname)%00%(upstream:track)%00%(upstream:remotename)%00%(upstream:remoteref) refs/heads/main refs/remotes/main [2ms]
2026-05-13 16:03:58.617 [warning] [Git][getBranch] No such branch: main
2026-05-13 16:03:58.639 [info] > git for-each-ref --sort -committerdate --format %(refname)%00%(objectname)%00%(*objectname) [1ms]
2026-05-13 16:03:58.644 [info] > git status -z -uall [20ms]
2026-05-13 16:04:03.668 [info] > git config --get commit.template [11ms]
2026-05-13 16:04:03.669 [info] > git for-each-ref --format=%(refname)%00%(upstream:short)%00%(objectname)%00%(upstream:track)%00%(upstream:remotename)%00%(upstream:remoteref) refs/heads/main refs/remotes/main [2ms]
2026-05-13 16:04:03.671 [warning] [Git][getBranch] No such branch: main
2026-05-13 16:04:03.698 [info] > git for-each-ref --sort -committerdate --format %(refname)%00%(objectname)%00%(*objectname) [7ms]
2026-05-13 16:04:03.700 [info] > git status -z -uall [21ms]
2026-05-13 16:04:08.724 [info] > git config --get commit.template [12ms]
2026-05-13 16:04:08.726 [info] > git for-each-ref --format=%(refname)%00%(upstream:short)%00%(objectname)%00%(upstream:track)%00%(upstream:remotename)%00%(upstream:remoteref) refs/heads/main refs/remotes/main [3ms]
2026-05-13 16:04:08.727 [warning] [Git][getBranch] No such branch: main
2026-05-13 16:04:08.751 [info] > git for-each-ref --sort -committerdate --format %(refname)%00%(objectname)%00%(*objectname) [2ms]
2026-05-13 16:04:08.757 [info] > git status -z -uall [22ms]
2026-05-13 16:04:13.775 [info] > git config --get commit.template [3ms]
2026-05-13 16:04:13.786 [info] > git for-each-ref --format=%(refname)%00%(upstream:short)%00%(objectname)%00%(upstream:track)%00%(upstream:remotename)%00%(upstream:remoteref) refs/heads/main refs/remotes/main [2ms]
2026-05-13 16:04:13.786 [warning] [Git][getBranch] No such branch: main
2026-05-13 16:04:13.809 [info] > git for-each-ref --sort -committerdate --format %(refname)%00%(objectname)%00%(*objectname) [1ms]
2026-05-13 16:04:13.815 [info] > git status -z -uall [21ms]
2026-05-13 16:04:18.840 [info] > git config --get commit.template [11ms]
2026-05-13 16:04:18.841 [info] > git for-each-ref --format=%(refname)%00%(upstream:short)%00%(objectname)%00%(upstream:track)%00%(upstream:remotename)%00%(upstream:remoteref) refs/heads/main refs/remotes/main [2ms]
2026-05-13 16:04:18.842 [warning] [Git][getBranch] No such branch: main
2026-05-13 16:04:18.869 [info] > git for-each-ref --sort -committerdate --format %(refname)%00%(objectname)%00%(*objectname) [5ms]
2026-05-13 16:04:18.872 [info] > git status -z -uall [21ms]
2026-05-13 16:04:23.895 [info] > git config --get commit.template [10ms]
2026-05-13 16:04:23.897 [info] > git for-each-ref --format=%(refname)%00%(upstream:short)%00%(objectname)%00%(upstream:track)%00%(upstream:remotename)%00%(upstream:remoteref) refs/heads/main refs/remotes/main [3ms]
2026-05-13 16:04:23.897 [warning] [Git][getBranch] No such branch: main
2026-05-13 16:04:23.922 [info] > git for-each-ref --sort -committerdate --format %(refname)%00%(objectname)%00%(*objectname) [4ms]
2026-05-13 16:04:23.929 [info] > git status -z -uall [24ms]
2026-05-13 16:04:28.945 [info] > git config --get commit.template [3ms]
2026-05-13 16:04:28.955 [info] > git for-each-ref --format=%(refname)%00%(upstream:short)%00%(objectname)%00%(upstream:track)%00%(upstream:remotename)%00%(upstream:remoteref) refs/heads/main refs/remotes/main [2ms]
2026-05-13 16:04:28.955 [warning] [Git][getBranch] No such branch: main
2026-05-13 16:04:28.975 [info] > git for-each-ref --sort -committerdate --format %(refname)%00%(objectname)%00%(*objectname) [2ms]
2026-05-13 16:04:28.982 [info] > git status -z -uall [19ms]
2026-05-13 16:04:34.005 [info] > git config --get commit.template [11ms]
2026-05-13 16:04:34.006 [info] > git for-each-ref --format=%(refname)%00%(upstream:short)%00%(objectname)%00%(upstream:track)%00%(upstream:remotename)%00%(upstream:remoteref) refs/heads/main refs/remotes/main [2ms]
2026-05-13 16:04:34.007 [warning] [Git][getBranch] No such branch: main
2026-05-13 16:04:34.031 [info] > git for-each-ref --sort -committerdate --format %(refname)%00%(objectname)%00%(*objectname) [4ms]
2026-05-13 16:04:34.036 [info] > git status -z -uall [21ms]
2026-05-13 16:04:39.061 [info] > git config --get commit.template [11ms]
2026-05-13 16:04:39.063 [info] > git for-each-ref --format=%(refname)%00%(upstream:short)%00%(objectname)%00%(upstream:track)%00%(upstream:remotename)%00%(upstream:remoteref) refs/heads/main refs/remotes/main [3ms]
2026-05-13 16:04:39.063 [warning] [Git][getBranch] No such branch: main
2026-05-13 16:04:39.087 [info] > git for-each-ref --sort -committerdate --format %(refname)%00%(objectname)%00%(*objectname) [4ms]
2026-05-13 16:04:39.092 [info] > git status -z -uall [21ms]
2026-05-13 16:04:44.108 [info] > git config --get commit.template [4ms]
2026-05-13 16:04:44.119 [info] > git for-each-ref --format=%(refname)%00%(upstream:short)%00%(objectname)%00%(upstream:track)%00%(upstream:remotename)%00%(upstream:remoteref) refs/heads/main refs/remotes/main [2ms]
2026-05-13 16:04:44.120 [warning] [Git][getBranch] No such branch: main
2026-05-13 16:04:44.144 [info] > git for-each-ref --sort -committerdate --format %(refname)%00%(objectname)%00%(*objectname) [4ms]
2026-05-13 16:04:44.148 [info] > git status -z -uall [20ms]
2026-05-13 16:04:49.170 [info] > git config --get commit.template [10ms]
2026-05-13 16:04:49.174 [info] > git for-each-ref --format=%(refname)%00%(upstream:short)%00%(objectname)%00%(upstream:track)%00%(upstream:remotename)%00%(upstream:remoteref) refs/heads/main refs/remotes/main [5ms]
2026-05-13 16:04:49.174 [warning] [Git][getBranch] No such branch: main
2026-05-13 16:04:49.198 [info] > git for-each-ref --sort -committerdate --format %(refname)%00%(objectname)%00%(*objectname) [3ms]
2026-05-13 16:04:49.203 [info] > git status -z -uall [21ms]
2026-05-13 16:04:54.223 [info] > git config --get commit.template [10ms]
2026-05-13 16:04:54.225 [info] > git for-each-ref --format=%(refname)%00%(upstream:short)%00%(objectname)%00%(upstream:track)%00%(upstream:remotename)%00%(upstream:remoteref) refs/heads/main refs/remotes/main [4ms]
2026-05-13 16:04:54.225 [warning] [Git][getBranch] No such branch: main
2026-05-13 16:04:54.248 [info] > git for-each-ref --sort -committerdate --format %(refname)%00%(objectname)%00%(*objectname) [5ms]
2026-05-13 16:04:54.252 [info] > git status -z -uall [20ms]
2026-05-13 16:04:59.265 [info] > git config --get commit.template [2ms]
2026-05-13 16:04:59.275 [info] > git for-each-ref --format=%(refname)%00%(upstream:short)%00%(objectname)%00%(upstream:track)%00%(upstream:remotename)%00%(upstream:remoteref) refs/heads/main refs/remotes/main [3ms]
2026-05-13 16:04:59.275 [warning] [Git][getBranch] No such branch: main
2026-05-13 16:04:59.296 [info] > git for-each-ref --sort -committerdate --format %(refname)%00%(objectname)%00%(*objectname) [2ms]
2026-05-13 16:04:59.302 [info] > git status -z -uall [19ms]
2026-05-13 16:05:04.317 [info] > git config --get commit.template [5ms]
2026-05-13 16:05:04.331 [info] > git for-each-ref --format=%(refname)%00%(upstream:short)%00%(objectname)%00%(upstream:track)%00%(upstream:remotename)%00%(upstream:remoteref) refs/heads/main refs/remotes/main [3ms]
2026-05-13 16:05:04.331 [warning] [Git][getBranch] No such branch: main
2026-05-13 16:05:04.352 [info] > git for-each-ref --sort -committerdate --format %(refname)%00%(objectname)%00%(*objectname) [2ms]
2026-05-13 16:05:04.353 [info] > git status -z -uall [14ms]
2026-05-13 16:05:09.373 [info] > git config --get commit.template [10ms]
2026-05-13 16:05:09.374 [info] > git for-each-ref --format=%(refname)%00%(upstream:short)%00%(objectname)%00%(upstream:track)%00%(upstream:remotename)%00%(upstream:remoteref) refs/heads/main refs/remotes/main [3ms]
2026-05-13 16:05:09.375 [warning] [Git][getBranch] No such branch: main
2026-05-13 16:05:09.398 [info] > git status -z -uall [16ms]
2026-05-13 16:05:09.399 [info] > git for-each-ref --sort -committerdate --format %(refname)%00%(objectname)%00%(*objectname) [6ms]
2026-05-13 16:05:14.422 [info] > git config --get commit.template [10ms]
2026-05-13 16:05:14.423 [info] > git for-each-ref --format=%(refname)%00%(upstream:short)%00%(objectname)%00%(upstream:track)%00%(upstream:remotename)%00%(upstream:remoteref) refs/heads/main refs/remotes/main [2ms]
2026-05-13 16:05:14.424 [warning] [Git][getBranch] No such branch: main
2026-05-13 16:05:14.445 [info] > git for-each-ref --sort -committerdate --format %(refname)%00%(objectname)%00%(*objectname) [2ms]
2026-05-13 16:05:14.446 [info] > git status -z -uall [15ms]
2026-05-13 16:05:19.464 [info] > git config --get commit.template [5ms]
2026-05-13 16:05:19.475 [info] > git for-each-ref --format=%(refname)%00%(upstream:short)%00%(objectname)%00%(upstream:track)%00%(upstream:remotename)%00%(upstream:remoteref) refs/heads/main refs/remotes/main [3ms]
2026-05-13 16:05:19.475 [warning] [Git][getBranch] No such branch: main
2026-05-13 16:05:19.498 [info] > git for-each-ref --sort -committerdate --format %(refname)%00%(objectname)%00%(*objectname) [2ms]
2026-05-13 16:05:19.499 [info] > git status -z -uall [16ms]
2026-05-13 16:05:24.521 [info] > git config --get commit.template [10ms]
2026-05-13 16:05:24.522 [info] > git for-each-ref --format=%(refname)%00%(upstream:short)%00%(objectname)%00%(upstream:track)%00%(upstream:remotename)%00%(upstream:remoteref) refs/heads/main refs/remotes/main [2ms]
2026-05-13 16:05:24.523 [warning] [Git][getBranch] No such branch: main
2026-05-13 16:05:24.545 [info] > git status -z -uall [15ms]
2026-05-13 16:05:24.546 [info] > git for-each-ref --sort -committerdate --format %(refname)%00%(objectname)%00%(*objectname) [5ms]
2026-05-13 16:05:29.559 [info] > git config --get commit.template [2ms]
2026-05-13 16:05:29.568 [info] > git for-each-ref --format=%(refname)%00%(upstream:short)%00%(objectname)%00%(upstream:track)%00%(upstream:remotename)%00%(upstream:remoteref) refs/heads/main refs/remotes/main [2ms]
2026-05-13 16:05:29.568 [warning] [Git][getBranch] No such branch: main
2026-05-13 16:05:29.589 [info] > git for-each-ref --sort -committerdate --format %(refname)%00%(objectname)%00%(*objectname) [3ms]
2026-05-13 16:05:29.590 [info] > git status -z -uall [15ms]
2026-05-13 16:05:34.602 [info] > git config --get commit.template [3ms]
2026-05-13 16:05:34.612 [info] > git for-each-ref --format=%(refname)%00%(upstream:short)%00%(objectname)%00%(upstream:track)%00%(upstream:remotename)%00%(upstream:remoteref) refs/heads/main refs/remotes/main [2ms]
2026-05-13 16:05:34.613 [warning] [Git][getBranch] No such branch: main
2026-05-13 16:05:34.634 [info] > git for-each-ref --sort -committerdate --format %(refname)%00%(objectname)%00%(*objectname) [3ms]
2026-05-13 16:05:34.636 [info] > git status -z -uall [15ms]
2026-05-13 16:05:39.659 [info] > git config --get commit.template [11ms]
2026-05-13 16:05:39.660 [info] > git for-each-ref --format=%(refname)%00%(upstream:short)%00%(objectname)%00%(upstream:track)%00%(upstream:remotename)%00%(upstream:remoteref) refs/heads/main refs/remotes/main [3ms]
2026-05-13 16:05:39.661 [warning] [Git][getBranch] No such branch: main
2026-05-13 16:05:39.687 [info] > git status -z -uall [19ms]
2026-05-13 16:05:39.688 [info] > git for-each-ref --sort -committerdate --format %(refname)%00%(objectname)%00%(*objectname) [6ms]
2026-05-13 16:05:44.702 [info] > git config --get commit.template [3ms]
2026-05-13 16:05:44.711 [info] > git for-each-ref --format=%(refname)%00%(upstream:short)%00%(objectname)%00%(upstream:track)%00%(upstream:remotename)%00%(upstream:remoteref) refs/heads/main refs/remotes/main [2ms]
2026-05-13 16:05:44.712 [warning] [Git][getBranch] No such branch: main
2026-05-13 16:05:44.733 [info] > git for-each-ref --sort -committerdate --format %(refname)%00%(objectname)%00%(*objectname) [3ms]
2026-05-13 16:05:44.737 [info] > git status -z -uall [18ms]
2026-05-13 16:05:49.750 [warning] [Git][getHEAD] Failed to parse HEAD file: ENOENT: no such file or directory, open '/home/sunidhinaik_kpmg/.git/HEAD'
2026-05-13 16:05:49.760 [warning] [Git][getRemotes] Error: ENOENT: no such file or directory, open '/home/sunidhinaik_kpmg/.git/config'
2026-05-13 16:05:49.770 [info] > git remote --verbose [11ms]
2026-05-13 16:05:49.771 [info] fatal: not a git repository (or any parent up to mount point /)
Stopping at filesystem boundary (GIT_DISCOVERY_ACROSS_FILESYSTEM not set).
2026-05-13 16:05:49.774 [info] > git symbolic-ref --short HEAD [24ms]
2026-05-13 16:05:49.774 [info] fatal: not a git repository (or any parent up to mount point /)
Stopping at filesystem boundary (GIT_DISCOVERY_ACROSS_FILESYSTEM not set).
2026-05-13 16:05:49.791 [warning] [Git][getHEAD] Failed to parse HEAD file: ENOENT: no such file or directory, open '/home/sunidhinaik_kpmg/.git/HEAD'
2026-05-13 16:05:49.801 [warning] [Git][getRemotes] Error: ENOENT: no such file or directory, open '/home/sunidhinaik_kpmg/.git/config'
2026-05-13 16:05:49.813 [info] > git config --get commit.template [44ms]
2026-05-13 16:05:49.814 [info] > git config --get commit.template [4ms]
2026-05-13 16:05:49.814 [info] > git remote --verbose [14ms]
2026-05-13 16:05:49.814 [info] fatal: not a git repository (or any parent up to mount point /)
Stopping at filesystem boundary (GIT_DISCOVERY_ACROSS_FILESYSTEM not set).
2026-05-13 16:05:49.819 [info] > git symbolic-ref --short HEAD [28ms]
2026-05-13 16:05:49.819 [info] fatal: not a git repository (or any parent up to mount point /)
Stopping at filesystem boundary (GIT_DISCOVERY_ACROSS_FILESYSTEM not set).
2026-05-13 16:05:49.828 [info] > git rev-parse HEAD [46ms]
2026-05-13 16:05:49.828 [info] fatal: not a git repository (or any parent up to mount point /)
Stopping at filesystem boundary (GIT_DISCOVERY_ACROSS_FILESYSTEM not set).
2026-05-13 16:05:49.831 [info] > git rev-parse HEAD [4ms]
2026-05-13 16:05:49.831 [info] fatal: not a git repository (or any parent up to mount point /)
Stopping at filesystem boundary (GIT_DISCOVERY_ACROSS_FILESYSTEM not set).
2026-05-13 16:06:34.492 [info] > git rev-parse --show-toplevel [2ms]
2026-05-13 16:06:34.492 [info] fatal: not a git repository (or any parent up to mount point /)
Stopping at filesystem boundary (GIT_DISCOVERY_ACROSS_FILESYSTEM not set).
2026-05-13 16:07:45.043 [info] > git rev-parse --show-toplevel [2ms]
2026-05-13 16:07:45.043 [info] fatal: not a git repository (or any parent up to mount point /)
Stopping at filesystem boundary (GIT_DISCOVERY_ACROSS_FILESYSTEM not set).
2026-05-13 16:08:02.309 [info] > git rev-parse --show-toplevel [2ms]
2026-05-13 16:08:02.321 [info] > git rev-parse --git-dir --git-common-dir --show-superproject-working-tree [5ms]
2026-05-13 16:08:02.421 [info] [Model][openRepository] Opened repository (path): /home/sunidhinaik_kpmg
2026-05-13 16:08:02.421 [info] [Model][openRepository] Opened repository (real path): /home/sunidhinaik_kpmg
2026-05-13 16:08:02.421 [info] [Model][openRepository] Opened repository (kind): repository
2026-05-13 16:08:02.437 [info] [Git][getRemotes] No remotes found in the git config file
2026-05-13 16:08:02.438 [info] > git config --get commit.template [10ms]
2026-05-13 16:08:02.439 [info] > git for-each-ref --format=%(refname)%00%(upstream:short)%00%(objectname)%00%(upstream:track)%00%(upstream:remotename)%00%(upstream:remoteref) refs/heads/master refs/remotes/master [2ms]
2026-05-13 16:08:02.439 [warning] [Git][getBranch] No such branch: master
2026-05-13 16:08:02.455 [info] > git status -z -uall [9ms]
2026-05-13 16:08:02.458 [info] > git for-each-ref --sort -committerdate --format %(refname)%00%(objectname)%00%(*objectname) [4ms]
2026-05-13 16:08:02.480 [info] > git for-each-ref --format=%(refname)%00%(upstream:short)%00%(objectname)%00%(upstream:track)%00%(upstream:remotename)%00%(upstream:remoteref) refs/heads/master refs/remotes/master [13ms]
2026-05-13 16:08:02.480 [warning] [Git][getBranch] No such branch: master
2026-05-13 16:08:02.481 [error] [GitHistoryProvider][resolveHEADMergeBase] Failed to resolve merge base for master: Error: No such branch: master.
2026-05-13 16:08:02.482 [info] > git config --get commit.template [3ms]
2026-05-13 16:08:02.489 [info] [Git][getRemotes] No remotes found in the git config file
2026-05-13 16:08:02.491 [info] > git for-each-ref --format=%(refname)%00%(upstream:short)%00%(objectname)%00%(upstream:track)%00%(upstream:remotename)%00%(upstream:remoteref) refs/heads/master refs/remotes/master [2ms]
2026-05-13 16:08:02.492 [warning] [Git][getBranch] No such branch: master
2026-05-13 16:08:02.507 [info] > git status -z -uall [9ms]
2026-05-13 16:08:02.510 [info] > git for-each-ref --sort -committerdate --format %(refname)%00%(objectname)%00%(*objectname) [4ms]
2026-05-13 16:08:03.056 [info] > git check-ignore -v -z --stdin [2ms]
2026-05-13 16:08:06.514 [info] > git config --get commit.template [2ms]
2026-05-13 16:08:06.514 [info] [Git][getRemotes] No remotes found in the git config file
2026-05-13 16:08:06.525 [info] > git for-each-ref --format=%(refname)%00%(upstream:short)%00%(objectname)%00%(upstream:track)%00%(upstream:remotename)%00%(upstream:remoteref) refs/heads/master refs/remotes/master [1ms]
2026-05-13 16:08:06.525 [warning] [Git][getBranch] No such branch: master
2026-05-13 16:08:06.545 [info] > git status -z -uall [11ms]
2026-05-13 16:08:06.547 [info] > git for-each-ref --sort -committerdate --format %(refname)%00%(objectname)%00%(*objectname) [3ms]
2026-05-13 16:08:11.565 [info] [Git][getRemotes] No remotes found in the git config file
2026-05-13 16:08:11.567 [info] > git config --get commit.template [9ms]
2026-05-13 16:08:11.568 [info] > git for-each-ref --format=%(refname)%00%(upstream:short)%00%(objectname)%00%(upstream:track)%00%(upstream:remotename)%00%(upstream:remoteref) refs/heads/master refs/remotes/master [3ms]
2026-05-13 16:08:11.568 [warning] [Git][getBranch] No such branch: master
2026-05-13 16:08:11.595 [info] > git status -z -uall [16ms]
2026-05-13 16:08:11.598 [info] > git for-each-ref --sort -committerdate --format %(refname)%00%(objectname)%00%(*objectname) [4ms]
2026-05-13 16:08:16.611 [warning] [Git][getHEAD] Failed to parse HEAD file: ENOENT: no such file or directory, open '/home/sunidhinaik_kpmg/.git/HEAD'
2026-05-13 16:08:16.620 [warning] [Git][getRemotes] Error: ENOENT: no such file or directory, open '/home/sunidhinaik_kpmg/.git/config'
2026-05-13 16:08:16.631 [info] > git remote --verbose [10ms]
2026-05-13 16:08:16.631 [info] fatal: not a git repository (or any parent up to mount point /)
Stopping at filesystem boundary (GIT_DISCOVERY_ACROSS_FILESYSTEM not set).
2026-05-13 16:08:16.633 [info] > git symbolic-ref --short HEAD [22ms]
2026-05-13 16:08:16.633 [info] fatal: not a git repository (or any parent up to mount point /)
Stopping at filesystem boundary (GIT_DISCOVERY_ACROSS_FILESYSTEM not set).
2026-05-13 16:08:16.650 [warning] [Git][getHEAD] Failed to parse HEAD file: ENOENT: no such file or directory, open '/home/sunidhinaik_kpmg/.git/HEAD'
2026-05-13 16:08:16.659 [warning] [Git][getRemotes] Error: ENOENT: no such file or directory, open '/home/sunidhinaik_kpmg/.git/config'
2026-05-13 16:08:16.671 [info] > git config --get commit.template [42ms]
2026-05-13 16:08:16.672 [info] > git config --get commit.template [4ms]
2026-05-13 16:08:16.672 [info] > git remote --verbose [13ms]
2026-05-13 16:08:16.672 [info] fatal: not a git repository (or any parent up to mount point /)
Stopping at filesystem boundary (GIT_DISCOVERY_ACROSS_FILESYSTEM not set).
2026-05-13 16:08:16.675 [info] > git symbolic-ref --short HEAD [25ms]
2026-05-13 16:08:16.675 [info] fatal: not a git repository (or any parent up to mount point /)
Stopping at filesystem boundary (GIT_DISCOVERY_ACROSS_FILESYSTEM not set).
2026-05-13 16:08:16.684 [info] > git rev-parse HEAD [44ms]
2026-05-13 16:08:16.684 [info] fatal: not a git repository (or any parent up to mount point /)
Stopping at filesystem boundary (GIT_DISCOVERY_ACROSS_FILESYSTEM not set).
2026-05-13 16:08:16.687 [info] > git rev-parse HEAD [3ms]
2026-05-13 16:08:16.687 [info] fatal: not a git repository (or any parent up to mount point /)
Stopping at filesystem boundary (GIT_DISCOVERY_ACROSS_FILESYSTEM not set).
2026-05-13 16:08:20.196 [info] > git rev-parse --show-toplevel [2ms]
2026-05-13 16:08:20.208 [info] > git rev-parse --git-dir --git-common-dir --show-superproject-working-tree [5ms]
2026-05-13 16:08:20.304 [info] [Model][openRepository] Opened repository (path): /home/sunidhinaik_kpmg
2026-05-13 16:08:20.304 [info] [Model][openRepository] Opened repository (real path): /home/sunidhinaik_kpmg
2026-05-13 16:08:20.304 [info] [Model][openRepository] Opened repository (kind): repository
2026-05-13 16:08:20.316 [info] > git config --get commit.template [3ms]
2026-05-13 16:08:20.325 [info] [Git][getRemotes] No remotes found in the git config file
2026-05-13 16:08:20.328 [info] > git for-each-ref --format=%(refname)%00%(upstream:short)%00%(objectname)%00%(upstream:track)%00%(upstream:remotename)%00%(upstream:remoteref) refs/heads/master refs/remotes/master [3ms]
2026-05-13 16:08:20.328 [warning] [Git][getBranch] No such branch: master
2026-05-13 16:08:20.348 [info] > git status -z -uall [12ms]
2026-05-13 16:08:20.350 [info] > git for-each-ref --sort -committerdate --format %(refname)%00%(objectname)%00%(*objectname) [4ms]
2026-05-13 16:08:20.372 [info] > git for-each-ref --format=%(refname)%00%(upstream:short)%00%(objectname)%00%(upstream:track)%00%(upstream:remotename)%00%(upstream:remoteref) refs/heads/master refs/remotes/master [8ms]
2026-05-13 16:08:20.372 [warning] [Git][getBranch] No such branch: master
2026-05-13 16:08:20.372 [error] [GitHistoryProvider][resolveHEADMergeBase] Failed to resolve merge base for master: Error: No such branch: master.
2026-05-13 16:08:20.382 [info] [Git][getRemotes] No remotes found in the git config file
2026-05-13 16:08:20.392 [info] > git config --get commit.template [10ms]
2026-05-13 16:08:20.393 [info] > git for-each-ref --format=%(refname)%00%(upstream:short)%00%(objectname)%00%(upstream:track)%00%(upstream:remotename)%00%(upstream:remoteref) refs/heads/master refs/remotes/master [2ms]
2026-05-13 16:08:20.393 [warning] [Git][getBranch] No such branch: master
2026-05-13 16:08:20.439 [info] > git status -z -uall [36ms]
2026-05-13 16:08:20.439 [info] > git for-each-ref --sort -committerdate --format %(refname)%00%(objectname)%00%(*objectname) [24ms]
2026-05-13 16:08:20.947 [info] > git check-ignore -v -z --stdin [3ms]
2026-05-13 16:08:23.524 [info] > git config --get commit.template [4ms]
2026-05-13 16:08:23.533 [info] [Git][getRemotes] No remotes found in the git config file
2026-05-13 16:08:23.535 [info] > git for-each-ref --format=%(refname)%00%(upstream:short)%00%(objectname)%00%(upstream:track)%00%(upstream:remotename)%00%(upstream:remoteref) refs/heads/master refs/remotes/master [3ms]
2026-05-13 16:08:23.535 [warning] [Git][getBranch] No such branch: master
2026-05-13 16:08:23.555 [info] > git status -z -uall [12ms]
2026-05-13 16:08:23.557 [info] > git for-each-ref --sort -committerdate --format %(refname)%00%(objectname)%00%(*objectname) [4ms]
2026-05-13 16:08:28.570 [info] > git config --get commit.template [2ms]
2026-05-13 16:08:28.577 [info] [Git][getRemotes] No remotes found in the git config file
2026-05-13 16:08:28.580 [info] > git for-each-ref --format=%(refname)%00%(upstream:short)%00%(objectname)%00%(upstream:track)%00%(upstream:remotename)%00%(upstream:remoteref) refs/heads/master refs/remotes/master [3ms]
2026-05-13 16:08:28.580 [warning] [Git][getBranch] No such branch: master
2026-05-13 16:08:28.596 [info] > git status -z -uall [9ms]
2026-05-13 16:08:28.600 [info] > git for-each-ref --sort -committerdate --format %(refname)%00%(objectname)%00%(*objectname) [5ms]
2026-05-13 16:08:33.619 [info] [Git][getRemotes] No remotes found in the git config file
2026-05-13 16:08:33.620 [info] > git config --get commit.template [10ms]
2026-05-13 16:08:33.621 [info] > git for-each-ref --format=%(refname)%00%(upstream:short)%00%(objectname)%00%(upstream:track)%00%(upstream:remotename)%00%(upstream:remoteref) refs/heads/master refs/remotes/master [3ms]
2026-05-13 16:08:33.621 [warning] [Git][getBranch] No such branch: master
2026-05-13 16:08:33.639 [info] > git status -z -uall [11ms]
2026-05-13 16:08:33.640 [info] > git for-each-ref --sort -committerdate --format %(refname)%00%(objectname)%00%(*objectname) [4ms]
